article_id,article_title,paragraph_index,original_polarizing_count,reconstructed_polarizing_count,changed,signature,retained_rows,original_labels,reconstructed_labels
1,"'pathetic rout,' 'tragic mistake' and 'painful' john mccain holds little back in describing helsinki",0,2,1,True,"{""has_npl_2_1"": true, ""has_npl_3_0"": false, ""has_polarizing_2_1"": false, ""has_polarizing_3_0"": false}","[{""meta"": ""Aarush"", ""subcategory"": ""no polarizing language"", ""vote_pattern"": ""2-1"", ""text"": ""no polarizing language selected""}]","{""Aarush"": ""no polarizing language"", ""Ashrey"": ""polarizing language"", ""Prerana"": ""polarizing language""}","{""Aarush"": ""no polarizing language"", ""Ashrey"": ""no polarizing language"", ""Prerana"": ""polarizing language""}"
2,"trump rips 'horrible' new york times, washington post, wonders if people will 'demand' he stay in white house",1,3,2,True,"{""has_npl_2_1"": false, ""has_npl_3_0"": false, ""has_polarizing_2_1"": true, ""has_polarizing_3_0"": false}","[{""meta"": ""Prerana"", ""subcategory"": ""demonization"", ""vote_pattern"": ""2-1"", ""text"": ""committed a \""virtual act of treason\"" by""}, {""meta"": ""Ashrey"", ""subcategory"": ""name-calling"", ""vote_pattern"": ""2-1"", ""text"": ""the Failing New York Times""}]","{""Aarush"": ""polarizing language"", ""Ashrey"": ""polarizing language"", ""Prerana"": ""polarizing language""}","{""Aarush"": ""no polarizing language"", ""Ashrey"": ""polarizing language"", ""Prerana"": ""polarizing language""}"
3,'Every American is entitled to health care': Sen. Bernie Sanders,1,2,2,False,"{""has_npl_2_1"": false, ""has_npl_3_0"": false, ""has_polarizing_2_1"": true, ""has_polarizing_3_0"": false}","[{""meta"": ""Ashrey"", ""subcategory"": ""demonization"", ""vote_pattern"": ""2-1"", ""text"": ""f you support Medicare for all, you have to be willing to end the greed of the health insurance and pharmaceutical industries""}, {""meta"": ""Ashrey"", ""subcategory"": ""demonization"", ""vote_pattern"": ""2-1"", ""text"": ""no longer private corporations to make billions of dollars in profits off Americans' health care.""}, {""meta"": ""Ashrey"", ""subcategory"": ""doubt"", ""vote_pattern"": ""2-1"", ""text"": ""That means boldly transforming our dysfunctional system by ending the use of private health insurance""}, {""meta"": ""Prerana"", ""subcategory"": ""slogans"", ""vote_pattern"": ""2-1"", ""text"": ""guarantee health care as a human right""}]","{""Aarush"": ""no polarizing language"", ""Ashrey"": ""polarizing language"", ""Prerana"": ""polarizing language""}","{""Aarush"": ""no polarizing language"", ""Ashrey"": ""polarizing language"", ""Prerana"": ""polarizing language""}"
3,'Every American is entitled to health care': Sen. Bernie Sanders,2,1,1,False,"{""has_npl_2_1"": true, ""has_npl_3_0"": false, ""has_polarizing_2_1"": false, ""has_polarizing_3_0"": false}","[{""meta"": ""Ashrey"", ""subcategory"": ""no polarizing language"", ""vote_pattern"": ""2-1"", ""text"": ""no polarizing language selected""}]","{""Aarush"": ""no polarizing language"", ""Ashrey"": ""no polarizing language"", ""Prerana"": ""polarizing language""}","{""Aarush"": ""no polarizing language"", ""Ashrey"": ""no polarizing language"", ""Prerana"": ""polarizing language""}"
4,Protesters Want All Philadelphia Police Officers Connected To Alleged Racist Social Media Posts To Be Removed From Streets,1,3,2,True,"{""has_npl_2_1"": false, ""has_npl_3_0"": false, ""has_polarizing_2_1"": true, ""has_polarizing_3_0"": false}","[{""meta"": ""Prerana"", ""subcategory"": ""exaggeration"", ""vote_pattern"": ""2-1"", ""text"": ""ey won't be satisfied until all officers involved in this scandal are removed from the streets.""}]","{""Aarush"": ""polarizing language"", ""Ashrey"": ""polarizing language"", ""Prerana"": ""polarizing language""}","{""Aarush"": ""no polarizing language"", ""Ashrey"": ""polarizing language"", ""Prerana"": ""polarizing language""}"
4,Protesters Want All Philadelphia Police Officers Connected To Alleged Racist Social Media Posts To Be Removed From Streets,2,1,2,True,"{""has_npl_2_1"": false, ""has_npl_3_0"": true, ""has_polarizing_2_1"": true, ""has_polarizing_3_0"": false}","[{""meta"": ""Prerana"", ""subcategory"": ""exaggeration"", ""vote_pattern"": ""2-1"", ""text"": ""ore officers that are taken off the streets, the more vulnerable the city becomes to""}, {""meta"": ""Ashrey"", ""subcategory"": ""no polarizing language"", ""vote_pattern"": ""3-0"", ""text"": ""no polarizing language selected""}]","{""Aarush"": ""no polarizing language"", ""Ashrey"": ""no polarizing language"", ""Prerana"": ""polarizing language""}","{""Aarush"": ""polarizing language"", ""Ashrey"": ""no polarizing language"", ""Prerana"": ""polarizing language""}"
5,the latest: nadler says panel will move quickly on mcgahn,1,1,2,True,"{""has_npl_2_1"": true, ""has_npl_3_0"": false, ""has_polarizing_2_1"": true, ""has_polarizing_3_0"": false}","[{""meta"": ""Prerana"", ""subcategory"": ""doubt"", ""vote_pattern"": ""2-1"", ""text"": ""ed answers on the questions left unanswered""}, {""meta"": ""Ashrey"", ""subcategory"": ""no polarizing language"", ""vote_pattern"": ""2-1"", ""text"": ""no polarizing language selected""}]","{""Aarush"": ""no polarizing language"", ""Ashrey"": ""no polarizing language"", ""Prerana"": ""polarizing language""}","{""Aarush"": ""polarizing language"", ""Ashrey"": ""no polarizing language"", ""Prerana"": ""polarizing language""}"
6,'WE ARE LIVID!': Mural Honoring Philadelphia Police Officer Killed In Line Of Duty Vandalized,0,2,3,True,"{""has_npl_2_1"": false, ""has_npl_3_0"": false, ""has_polarizing_2_1"": false, ""has_polarizing_3_0"": true}","[{""meta"": ""Prerana"", ""subcategory"": ""name-calling"", ""vote_pattern"": ""3-0"", ""text"": ""f hero and fallen-officer,""}]","{""Aarush"": ""no polarizing language"", ""Ashrey"": ""polarizing language"", ""Prerana"": ""polarizing language""}","{""Aarush"": ""polarizing language"", ""Ashrey"": ""polarizing language"", ""Prerana"": ""polarizing language""}"
6,'WE ARE LIVID!': Mural Honoring Philadelphia Police Officer Killed In Line Of Duty Vandalized,1,3,2,True,"{""has_npl_2_1"": false, ""has_npl_3_0"": false, ""has_polarizing_2_1"": true, ""has_polarizing_3_0"": false}","[{""meta"": ""Ashrey"", ""subcategory"": ""bandwagon"", ""vote_pattern"": ""2-1"", ""text"": ""why should any other layman warrant any real respect and keep their memory alive?""}, {""meta"": ""Prerana"", ""subcategory"": ""exaggeration"", ""vote_pattern"": ""2-1"", ""text"": ""orance and disrespect shown toward police is at an al""}, {""meta"": ""Prerana"", ""subcategory"": ""slogans"", ""vote_pattern"": ""2-1"", ""text"": ""WE ARE LIVID! One year ago,""}]","{""Aarush"": ""polarizing language"", ""Ashrey"": ""polarizing language"", ""Prerana"": ""polarizing language""}","{""Aarush"": ""no polarizing language"", ""Ashrey"": ""polarizing language"", ""Prerana"": ""polarizing language""}"
6,'WE ARE LIVID!': Mural Honoring Philadelphia Police Officer Killed In Line Of Duty Vandalized,2,2,3,True,"{""has_npl_2_1"": false, ""has_npl_3_0"": false, ""has_polarizing_2_1"": false, ""has_polarizing_3_0"": true}","[{""meta"": ""Prerana"", ""subcategory"": ""exaggeration"", ""vote_pattern"": ""3-0"", ""text"": ""h are as minuscule as a slap on the wrist.""}]","{""Aarush"": ""polarizing language"", ""Ashrey"": ""no polarizing language"", ""Prerana"": ""polarizing language""}","{""Aarush"": ""polarizing language"", ""Ashrey"": ""polarizing language"", ""Prerana"": ""polarizing language""}"
7,george conway urges trump to resign over aborted iran strike,0,3,3,False,"{""has_npl_2_1"": false, ""has_npl_3_0"": false, ""has_polarizing_2_1"": true, ""has_polarizing_3_0"": true}","[{""meta"": ""Ashrey"", ""subcategory"": ""doubt"", ""vote_pattern"": ""2-1"", ""text"": ""Do the country and the world a favor. Go back to real estate, where the worst you can do is kill banks.""}, {""meta"": ""Prerana"", ""subcategory"": ""exaggeration"", ""vote_pattern"": ""2-1"", ""text"": ""ould therefore be grossly disproportionate t""}, {""meta"": ""Prerana"", ""subcategory"": ""exaggeration"", ""vote_pattern"": ""3-0"", ""text"": ""o say this is amateur hour would defame amateurs.""}]","{""Aarush"": ""polarizing language"", ""Ashrey"": ""polarizing language"", ""Prerana"": ""polarizing language""}","{""Aarush"": ""polarizing language"", ""Ashrey"": ""polarizing language"", ""Prerana"": ""polarizing language""}"
7,george conway urges trump to resign over aborted iran strike,1,2,2,False,"{""has_npl_2_1"": false, ""has_npl_3_0"": true, ""has_polarizing_2_1"": true, ""has_polarizing_3_0"": false}","[{""meta"": ""Prerana"", ""subcategory"": ""name-calling"", ""vote_pattern"": ""2-1"", ""text"": ""To say this is amateur hour would defame amateurs""}, {""meta"": ""Aarush"", ""subcategory"": ""no polarizing language"", ""vote_pattern"": ""3-0"", ""text"": ""no polarizing language selected""}]","{""Aarush"": ""no polarizing language"", ""Ashrey"": ""polarizing language"", ""Prerana"": ""polarizing language""}","{""Aarush"": ""no polarizing language"", ""Ashrey"": ""polarizing language"", ""Prerana"": ""polarizing language""}"
7,george conway urges trump to resign over aborted iran strike,3,3,2,True,"{""has_npl_2_1"": false, ""has_npl_3_0"": false, ""has_polarizing_2_1"": true, ""has_polarizing_3_0"": false}","[{""meta"": ""Aarush"", ""subcategory"": ""exaggeration"", ""vote_pattern"": ""2-1"", ""text"": ""slamming the commander in chief""}]","{""Aarush"": ""polarizing language"", ""Ashrey"": ""polarizing language"", ""Prerana"": ""polarizing language""}","{""Aarush"": ""polarizing language"", ""Ashrey"": ""no polarizing language"", ""Prerana"": ""polarizing language""}"
8,Did Jared Kushner Violate the Hatch Act? Democrats Request Investigation After Kellyanne Conway Findings,0,1,3,True,"{""has_npl_2_1"": true, ""has_npl_3_0"": false, ""has_polarizing_2_1"": false, ""has_polarizing_3_0"": true}","[{""meta"": ""Prerana"", ""subcategory"": ""doubt"", ""vote_pattern"": ""3-0"", ""text"": ""Democratic congressman on Monday to demand an investigation into whether the president's son-in-law Jared Kushner similarly broke federal law.""}, {""meta"": ""Ashrey"", ""subcategory"": ""no polarizing language"", ""vote_pattern"": ""2-1"", ""text"": ""no polarizing language selected""}]","{""Aarush"": ""no polarizing language"", ""Ashrey"": ""no polarizing language"", ""Prerana"": ""polarizing language""}","{""Aarush"": ""polarizing language"", ""Ashrey"": ""polarizing language"", ""Prerana"": ""polarizing language""}"
8,Did Jared Kushner Violate the Hatch Act? Democrats Request Investigation After Kellyanne Conway Findings,1,2,3,True,"{""has_npl_2_1"": false, ""has_npl_3_0"": false, ""has_polarizing_2_1"": true, ""has_polarizing_3_0"": true}","[{""meta"": ""Ashrey"", ""subcategory"": ""demonization"", ""vote_pattern"": ""2-1"", ""text"": ""benefited from special treatment; as with his many deceptions regarding his security clearance this is something no rank-and-file federal employee would get away with""}, {""meta"": ""Prerana"", ""subcategory"": ""doubt"", ""vote_pattern"": ""3-0"", ""text"": ""We have strong reason to believe that Jared Kushner is in violation of both the spirit and the letter""}, {""meta"": ""Prerana"", ""subcategory"": ""doubt"", ""vote_pattern"": ""2-1"", ""text"": ""Kushner's \""poor track record of compliance with the spirit of the Hatch Act,""}]","{""Aarush"": ""no polarizing language"", ""Ashrey"": ""polarizing language"", ""Prerana"": ""polarizing language""}","{""Aarush"": ""polarizing language"", ""Ashrey"": ""polarizing language"", ""Prerana"": ""polarizing language""}"
8,Did Jared Kushner Violate the Hatch Act? Democrats Request Investigation After Kellyanne Conway Findings,2,1,2,True,"{""has_npl_2_1"": false, ""has_npl_3_0"": false, ""has_polarizing_2_1"": true, ""has_polarizing_3_0"": false}","[{""meta"": ""Prerana"", ""subcategory"": ""demonization"", ""vote_pattern"": ""2-1"", ""text"": ""mp '\u00c4\u00e3Donald Trump's Refusal to Fire Kellyanne Conway is 'Dangerous' and She Should Resign:""}]","{""Aarush"": ""no polarizing language"", ""Ashrey"": ""no polarizing language"", ""Prerana"": ""polarizing language""}","{""Aarush"": ""polarizing language"", ""Ashrey"": ""no polarizing language"", ""Prerana"": ""polarizing language""}"
9,"ron desantis signs amendment 4 bill, limiting felon voting",0,1,2,True,"{""has_npl_2_1"": false, ""has_npl_3_0"": true, ""has_polarizing_2_1"": true, ""has_polarizing_3_0"": false}","[{""meta"": ""Prerana"", ""subcategory"": ""name-calling"", ""vote_pattern"": ""2-1"", ""text"": ""ublican-controlled Legislature was called a \""poll tax\"" by critics""}, {""meta"": ""Ashrey"", ""subcategory"": ""no polarizing language"", ""vote_pattern"": ""3-0"", ""text"": ""no polarizing language selected""}]","{""Aarush"": ""no polarizing language"", ""Ashrey"": ""no polarizing language"", ""Prerana"": ""polarizing language""}","{""Aarush"": ""polarizing language"", ""Ashrey"": ""no polarizing language"", ""Prerana"": ""polarizing language""}"
9,"ron desantis signs amendment 4 bill, limiting felon voting",1,1,2,True,"{""has_npl_2_1"": false, ""has_npl_3_0"": true, ""has_polarizing_2_1"": true, ""has_polarizing_3_0"": false}","[{""meta"": ""Prerana"", ""subcategory"": ""name-calling"", ""vote_pattern"": ""2-1"", ""text"": ""out one of the most racist and enduring policie""}, {""meta"": ""Prerana"", ""subcategory"": ""no polarizing language"", ""vote_pattern"": ""3-0"", ""text"": ""no polarizing language selected""}]","{""Aarush"": ""no polarizing language"", ""Ashrey"": ""no polarizing language"", ""Prerana"": ""polarizing language""}","{""Aarush"": ""polarizing language"", ""Ashrey"": ""no polarizing language"", ""Prerana"": ""polarizing language""}"
10,"senate confirms judge who attacked roe v. wade, called being transgender 'a delusion'",0,1,2,True,"{""has_npl_2_1"": false, ""has_npl_3_0"": true, ""has_polarizing_2_1"": true, ""has_polarizing_3_0"": false}","[{""meta"": ""Prerana"", ""subcategory"": ""exaggeration"", ""vote_pattern"": ""2-1"", ""text"": ""omen Act \""a grave mistake.""}, {""meta"": ""Ashrey"", ""subcategory"": ""no polarizing language"", ""vote_pattern"": ""3-0"", ""text"": ""no polarizing language selected""}]","{""Aarush"": ""no polarizing language"", ""Ashrey"": ""no polarizing language"", ""Prerana"": ""polarizing language""}","{""Aarush"": ""polarizing language"", ""Ashrey"": ""no polarizing language"", ""Prerana"": ""polarizing language""}"
10,"senate confirms judge who attacked roe v. wade, called being transgender 'a delusion'",2,2,3,True,"{""has_npl_2_1"": false, ""has_npl_3_0"": false, ""has_polarizing_2_1"": true, ""has_polarizing_3_0"": true}","[{""meta"": ""Prerana"", ""subcategory"": ""demonization"", ""vote_pattern"": ""2-1"", ""text"": ""selection process and funneling anti-abortion and anti-LGBTQ""}, {""meta"": ""Prerana"", ""subcategory"": ""exaggeration"", ""vote_pattern"": ""2-1"", ""text"": ""He is one of Trump's most extreme nominees""}, {""meta"": ""Prerana"", ""subcategory"": ""name-calling"", ""vote_pattern"": ""3-0"", ""text"": ""a right-wing Christian advocacy group, sounds like""}, {""meta"": ""Prerana"", ""subcategory"": ""name-calling"", ""vote_pattern"": ""2-1"", ""text"": ""drape black robes over these bigoted views?""}]","{""Aarush"": ""no polarizing language"", ""Ashrey"": ""polarizing language"", ""Prerana"": ""polarizing language""}","{""Aarush"": ""polarizing language"", ""Ashrey"": ""polarizing language"", ""Prerana"": ""polarizing language""}"
10,"senate confirms judge who attacked roe v. wade, called being transgender 'a delusion'",3,1,0,True,"{""has_npl_2_1"": false, ""has_npl_3_0"": true, ""has_polarizing_2_1"": false, ""has_polarizing_3_0"": false}","[{""meta"": ""Ashrey"", ""subcategory"": ""no polarizing language"", ""vote_pattern"": ""3-0"", ""text"": ""no polarizing language selected""}]","{""Aarush"": ""no polarizing language"", ""Ashrey"": ""no polarizing language"", ""Prerana"": ""polarizing language""}","{""Aarush"": ""no polarizing language"", ""Ashrey"": ""no polarizing language"", ""Prerana"": ""no polarizing language""}"
11,"editorial: six months after california's landmark police transparency law, many agencies still won't release their records",0,2,2,False,"{""has_npl_2_1"": false, ""has_npl_3_0"": false, ""has_polarizing_2_1"": true, ""has_polarizing_3_0"": false}","[{""meta"": ""Ashrey"", ""subcategory"": ""casual oversimplification"", ""vote_pattern"": ""2-1"", ""text"": ""But the public has the right to know about these very serious events, which is why it was so important to pass SB1421.""}, {""meta"": ""Ashrey"", ""subcategory"": ""demonization"", ""vote_pattern"": ""2-1"", ""text"": ""But the biggest thing we've learned is that many police departments believe that compliance with the law is optiona""}]","{""Aarush"": ""no polarizing language"", ""Ashrey"": ""polarizing language"", ""Prerana"": ""polarizing language""}","{""Aarush"": ""no polarizing language"", ""Ashrey"": ""polarizing language"", ""Prerana"": ""polarizing language""}"
11,"editorial: six months after california's landmark police transparency law, many agencies still won't release their records",1,2,2,False,"{""has_npl_2_1"": false, ""has_npl_3_0"": false, ""has_polarizing_2_1"": true, ""has_polarizing_3_0"": false}","[{""meta"": ""Ashrey"", ""subcategory"": ""doubt"", ""vote_pattern"": ""2-1"", ""text"": ""\""Law enforcement in San Francisco is deliberately sandbagging the release of these records,\""""}]","{""Aarush"": ""no polarizing language"", ""Ashrey"": ""polarizing language"", ""Prerana"": ""polarizing language""}","{""Aarush"": ""no polarizing language"", ""Ashrey"": ""polarizing language"", ""Prerana"": ""polarizing language""}"
11,"editorial: six months after california's landmark police transparency law, many agencies still won't release their records",2,2,2,False,"{""has_npl_2_1"": false, ""has_npl_3_0"": false, ""has_polarizing_2_1"": true, ""has_polarizing_3_0"": false}","[{""meta"": ""Prerana"", ""subcategory"": ""doubt"", ""vote_pattern"": ""2-1"", ""text"": ""groups have had a powerful champion in their attempts to deny the public thi""}]","{""Aarush"": ""no polarizing language"", ""Ashrey"": ""polarizing language"", ""Prerana"": ""polarizing language""}","{""Aarush"": ""no polarizing language"", ""Ashrey"": ""polarizing language"", ""Prerana"": ""polarizing language""}"
11,"editorial: six months after california's landmark police transparency law, many agencies still won't release their records",3,2,2,False,"{""has_npl_2_1"": false, ""has_npl_3_0"": true, ""has_polarizing_2_1"": true, ""has_polarizing_3_0"": false}","[{""meta"": ""Aarush"", ""subcategory"": ""no polarizing language"", ""vote_pattern"": ""3-0"", ""text"": ""no polarizing language selected""}, {""meta"": ""Ashrey"", ""subcategory"": ""slogans"", ""vote_pattern"": ""2-1"", ""text"": ""No one least of all the agencies that have sworn to protect and serve the public should be allowed to thwart the law.""}]","{""Aarush"": ""no polarizing language"", ""Ashrey"": ""polarizing language"", ""Prerana"": ""polarizing language""}","{""Aarush"": ""no polarizing language"", ""Ashrey"": ""polarizing language"", ""Prerana"": ""polarizing language""}"
12,BuzzFeed Journalists Protest in Push for Union Recognition,0,2,2,False,"{""has_npl_2_1"": false, ""has_npl_3_0"": true, ""has_polarizing_2_1"": true, ""has_polarizing_3_0"": false}","[{""meta"": ""Prerana"", ""subcategory"": ""name-calling"", ""vote_pattern"": ""2-1"", ""text"": ""also a giant inflatable rat -- a common form of protest by striking trade unions""}, {""meta"": ""Aarush"", ""subcategory"": ""no polarizing language"", ""vote_pattern"": ""3-0"", ""text"": ""no polarizing language selected""}, {""meta"": ""Prerana"", ""subcategory"": ""slogans"", ""vote_pattern"": ""2-1"", ""text"": ""Recognize the BuzzFeed Union!!\""""}]","{""Aarush"": ""no polarizing language"", ""Ashrey"": ""polarizing language"", ""Prerana"": ""polarizing language""}","{""Aarush"": ""no polarizing language"", ""Ashrey"": ""polarizing language"", ""Prerana"": ""polarizing language""}"
12,BuzzFeed Journalists Protest in Push for Union Recognition,1,1,2,True,"{""has_npl_2_1"": false, ""has_npl_3_0"": true, ""has_polarizing_2_1"": true, ""has_polarizing_3_0"": false}","[{""meta"": ""Prerana"", ""subcategory"": ""exaggeration"", ""vote_pattern"": ""2-1"", ""text"": ""unfair pay disparities, mismanaged pivots and layoffs, weak benefits, skyrocketing health insurance costs, diversity, and more""}, {""meta"": ""Ashrey"", ""subcategory"": ""no polarizing language"", ""vote_pattern"": ""3-0"", ""text"": ""no polarizing language selected""}]","{""Aarush"": ""no polarizing language"", ""Ashrey"": ""no polarizing language"", ""Prerana"": ""polarizing language""}","{""Aarush"": ""polarizing language"", ""Ashrey"": ""no polarizing language"", ""Prerana"": ""polarizing language""}"
12,BuzzFeed Journalists Protest in Push for Union Recognition,2,2,3,True,"{""has_npl_2_1"": false, ""has_npl_3_0"": false, ""has_polarizing_2_1"": false, ""has_polarizing_3_0"": true}","[{""meta"": ""Prerana"", ""subcategory"": ""name-calling"", ""vote_pattern"": ""3-0"", ""text"": ""once the darlings of the media industry""}]","{""Aarush"": ""no polarizing language"", ""Ashrey"": ""polarizing language"", ""Prerana"": ""polarizing language""}","{""Aarush"": ""polarizing language"", ""Ashrey"": ""polarizing language"", ""Prerana"": ""polarizing language""}"
13,DC mayor says Trump's Fourth of July celebration emptied security fund,0,1,0,True,"{""has_npl_2_1"": false, ""has_npl_3_0"": true, ""has_polarizing_2_1"": false, ""has_polarizing_3_0"": false}","[{""meta"": ""Ashrey"", ""subcategory"": ""no polarizing language"", ""vote_pattern"": ""3-0"", ""text"": ""no polarizing language selected""}]","{""Aarush"": ""no polarizing language"", ""Ashrey"": ""no polarizing language"", ""Prerana"": ""polarizing language""}","{""Aarush"": ""no polarizing language"", ""Ashrey"": ""no polarizing language"", ""Prerana"": ""no polarizing language""}"
13,DC mayor says Trump's Fourth of July celebration emptied security fund,1,1,3,True,"{""has_npl_2_1"": true, ""has_npl_3_0"": false, ""has_polarizing_2_1"": false, ""has_polarizing_3_0"": true}","[{""meta"": ""Ashrey"", ""subcategory"": ""no polarizing language"", ""vote_pattern"": ""2-1"", ""text"": ""no polarizing language selected""}, {""meta"": ""Prerana"", ""subcategory"": ""slogans"", ""vote_pattern"": ""3-0"", ""text"": ""Nothing America cannot do':""}]","{""Aarush"": ""no polarizing language"", ""Ashrey"": ""no polarizing language"", ""Prerana"": ""polarizing language""}","{""Aarush"": ""polarizing language"", ""Ashrey"": ""polarizing language"", ""Prerana"": ""polarizing language""}"
13,DC mayor says Trump's Fourth of July celebration emptied security fund,2,2,2,False,"{""has_npl_2_1"": false, ""has_npl_3_0"": true, ""has_polarizing_2_1"": true, ""has_polarizing_3_0"": false}","[{""meta"": ""Prerana"", ""subcategory"": ""name-calling"", ""vote_pattern"": ""2-1"", ""text"": ""More: Far-right extremists Proud Boys ou""}, {""meta"": ""Aarush"", ""subcategory"": ""no polarizing language"", ""vote_pattern"": ""3-0"", ""text"": ""no polarizing language selected""}]","{""Aarush"": ""no polarizing language"", ""Ashrey"": ""polarizing language"", ""Prerana"": ""polarizing language""}","{""Aarush"": ""no polarizing language"", ""Ashrey"": ""polarizing language"", ""Prerana"": ""polarizing language""}"
14,Protest in Madrid as conservatives suspend ban on most polluting cars,1,1,1,True,"{""has_npl_2_1"": true, ""has_npl_3_0"": false, ""has_polarizing_2_1"": false, ""has_polarizing_3_0"": false}","[{""meta"": ""Prerana"", ""subcategory"": ""no polarizing language"", ""vote_pattern"": ""2-1"", ""text"": ""no polarizing language selected""}]","{""Aarush"": ""no polarizing language"", ""Ashrey"": ""no polarizing language"", ""Prerana"": ""polarizing language""}","{""Aarush"": ""polarizing language"", ""Ashrey"": ""no polarizing language"", ""Prerana"": ""no polarizing language""}"
15,tutankhamun sculpture's london auction sparks egyptian outcry,0,1,0,True,"{""has_npl_2_1"": false, ""has_npl_3_0"": true, ""has_polarizing_2_1"": false, ""has_polarizing_3_0"": false}","[{""meta"": ""Ashrey"", ""subcategory"": ""no polarizing language"", ""vote_pattern"": ""3-0"", ""text"": ""no polarizing language selected""}]","{""Aarush"": ""no polarizing language"", ""Ashrey"": ""no polarizing language"", ""Prerana"": ""polarizing language""}","{""Aarush"": ""no polarizing language"", ""Ashrey"": ""no polarizing language"", ""Prerana"": ""no polarizing language""}"
16,meghan markle has been branded 'difficult' by tabloids. it's the same sexism that demonizes driven women in the workplace.,0,3,2,True,"{""has_npl_2_1"": false, ""has_npl_3_0"": false, ""has_polarizing_2_1"": true, ""has_polarizing_3_0"": false}","[{""meta"": ""Aarush"", ""subcategory"": ""bandwagon"", ""vote_pattern"": ""2-1"", ""text"": ""People love tearing down powerful women""}, {""meta"": ""Prerana"", ""subcategory"": ""demonization"", ""vote_pattern"": ""2-1"", ""text"": ""sexism that often demonizes driven women as \""abrasive\"" or \""bossy""}, {""meta"": ""Prerana"", ""subcategory"": ""demonization"", ""vote_pattern"": ""2-1"", ""text"": ""y dismissing them as difficult divas""}]","{""Aarush"": ""polarizing language"", ""Ashrey"": ""polarizing language"", ""Prerana"": ""polarizing language""}","{""Aarush"": ""polarizing language"", ""Ashrey"": ""no polarizing language"", ""Prerana"": ""polarizing language""}"
17,Biden criticizes Amazon for paying $0 in corporate taxes,0,3,2,True,"{""has_npl_2_1"": false, ""has_npl_3_0"": false, ""has_polarizing_2_1"": true, ""has_polarizing_3_0"": false}","[{""meta"": ""Ashrey"", ""subcategory"": ""exaggeration"", ""vote_pattern"": ""2-1"", ""text"": ""I have nothing against Amazon, but no company pulling in billions of dollars of profits should pay a lower tax rate than firefighters and teachers""}, {""meta"": ""Aarush"", ""subcategory"": ""exaggeration"", ""vote_pattern"": ""2-1"", ""text"": ""presidential candidate to slam one""}, {""meta"": ""Ashrey"", ""subcategory"": ""slogans"", ""vote_pattern"": ""2-1"", ""text"": ""We need to reward work, not just wealth""}]","{""Aarush"": ""polarizing language"", ""Ashrey"": ""polarizing language"", ""Prerana"": ""polarizing language""}","{""Aarush"": ""polarizing language"", ""Ashrey"": ""polarizing language"", ""Prerana"": ""no polarizing language""}"
17,Biden criticizes Amazon for paying $0 in corporate taxes,1,2,2,False,"{""has_npl_2_1"": false, ""has_npl_3_0"": false, ""has_polarizing_2_1"": true, ""has_polarizing_3_0"": false}","[{""meta"": ""Prerana"", ""subcategory"": ""demonization"", ""vote_pattern"": ""2-1"", ""text"": ""who said they were treated inhumanely at the facilitie""}]","{""Aarush"": ""polarizing language"", ""Ashrey"": ""no polarizing language"", ""Prerana"": ""polarizing language""}","{""Aarush"": ""polarizing language"", ""Ashrey"": ""no polarizing language"", ""Prerana"": ""polarizing language""}"
17,Biden criticizes Amazon for paying $0 in corporate taxes,3,1,1,False,"{""has_npl_2_1"": true, ""has_npl_3_0"": false, ""has_polarizing_2_1"": false, ""has_polarizing_3_0"": false}","[{""meta"": ""Ashrey"", ""subcategory"": ""no polarizing language"", ""vote_pattern"": ""2-1"", ""text"": ""no polarizing language selected""}]","{""Aarush"": ""no polarizing language"", ""Ashrey"": ""no polarizing language"", ""Prerana"": ""polarizing language""}","{""Aarush"": ""no polarizing language"", ""Ashrey"": ""no polarizing language"", ""Prerana"": ""polarizing language""}"
18,trump vows to cure cancer and eradicate aids,0,2,2,False,"{""has_npl_2_1"": false, ""has_npl_3_0"": false, ""has_polarizing_2_1"": true, ""has_polarizing_3_0"": false}","[{""meta"": ""Prerana"", ""subcategory"": ""exaggeration"", ""vote_pattern"": ""2-1"", ""text"": ""s to many, many problems, to many, many diseases in""}]","{""Aarush"": ""polarizing language"", ""Ashrey"": ""no polarizing language"", ""Prerana"": ""polarizing language""}","{""Aarush"": ""polarizing language"", ""Ashrey"": ""no polarizing language"", ""Prerana"": ""polarizing language""}"
18,trump vows to cure cancer and eradicate aids,1,2,2,False,"{""has_npl_2_1"": false, ""has_npl_3_0"": false, ""has_polarizing_2_1"": true, ""has_polarizing_3_0"": false}","[{""meta"": ""Prerana"", ""subcategory"": ""casual oversimplification"", ""vote_pattern"": ""2-1"", ""text"": ""r sought to divert money away from HIV/AIDS research t""}]","{""Aarush"": ""no polarizing language"", ""Ashrey"": ""polarizing language"", ""Prerana"": ""polarizing language""}","{""Aarush"": ""no polarizing language"", ""Ashrey"": ""polarizing language"", ""Prerana"": ""polarizing language""}"
18,trump vows to cure cancer and eradicate aids,2,1,2,True,"{""has_npl_2_1"": false, ""has_npl_3_0"": false, ""has_polarizing_2_1"": true, ""has_polarizing_3_0"": false}","[{""meta"": ""Prerana"", ""subcategory"": ""casual oversimplification"", ""vote_pattern"": ""2-1"", ""text"": ""e will eradicate AIDS in America once and for all and we are really close,""}]","{""Aarush"": ""no polarizing language"", ""Ashrey"": ""no polarizing language"", ""Prerana"": ""polarizing language""}","{""Aarush"": ""polarizing language"", ""Ashrey"": ""no polarizing language"", ""Prerana"": ""polarizing language""}"
19,donald trump's criminal justice reform shows results,0,3,2,True,"{""has_npl_2_1"": false, ""has_npl_3_0"": false, ""has_polarizing_2_1"": true, ""has_polarizing_3_0"": false}","[{""meta"": ""Prerana"", ""subcategory"": ""casual oversimplification"", ""vote_pattern"": ""2-1"", ""text"": ""will become a productive member of society.""}, {""meta"": ""Prerana"", ""subcategory"": ""exaggeration"", ""vote_pattern"": ""2-1"", ""text"": ""ehind bars does nothing to rehabilitate.""}]","{""Aarush"": ""polarizing language"", ""Ashrey"": ""polarizing language"", ""Prerana"": ""polarizing language""}","{""Aarush"": ""no polarizing language"", ""Ashrey"": ""polarizing language"", ""Prerana"": ""polarizing language""}"
19,donald trump's criminal justice reform shows results,1,1,2,True,"{""has_npl_2_1"": false, ""has_npl_3_0"": true, ""has_polarizing_2_1"": true, ""has_polarizing_3_0"": false}","[{""meta"": ""Prerana"", ""subcategory"": ""exaggeration"", ""vote_pattern"": ""2-1"", ""text"": ""me.\"" He didn't know how to be free. He died in priso""}, {""meta"": ""Ashrey"", ""subcategory"": ""no polarizing language"", ""vote_pattern"": ""3-0"", ""text"": ""no polarizing language selected""}]","{""Aarush"": ""no polarizing language"", ""Ashrey"": ""no polarizing language"", ""Prerana"": ""polarizing language""}","{""Aarush"": ""polarizing language"", ""Ashrey"": ""no polarizing language"", ""Prerana"": ""polarizing language""}"
19,donald trump's criminal justice reform shows results,3,1,2,True,"{""has_npl_2_1"": false, ""has_npl_3_0"": true, ""has_polarizing_2_1"": true, ""has_polarizing_3_0"": false}","[{""meta"": ""Prerana"", ""subcategory"": ""exaggeration"", ""vote_pattern"": ""2-1"", ""text"": ""That's a lot of medical expenses.""}, {""meta"": ""Prerana"", ""subcategory"": ""name-calling"", ""vote_pattern"": ""2-1"", ""text"": ""en about the extreme and morally damaging sentencing practices of the modern era.""}, {""meta"": ""Ashrey"", ""subcategory"": ""no polarizing language"", ""vote_pattern"": ""3-0"", ""text"": ""no polarizing language selected""}]","{""Aarush"": ""no polarizing language"", ""Ashrey"": ""no polarizing language"", ""Prerana"": ""polarizing language""}","{""Aarush"": ""polarizing language"", ""Ashrey"": ""no polarizing language"", ""Prerana"": ""polarizing language""}"
21,Trump hits polling on Fox News: 'Something weird going on at Fox',0,3,3,False,"{""has_npl_2_1"": false, ""has_npl_3_0"": false, ""has_polarizing_2_1"": true, ""has_polarizing_3_0"": true}","[{""meta"": ""Ashrey"", ""subcategory"": ""doubt"", ""vote_pattern"": ""3-0"", ""text"": ""For the record, I didn't spend 30 hours with @abcnews , but rather a tiny fraction of that. More Fake News @BretBaier""}, {""meta"": ""Prerana"", ""subcategory"": ""doubt"", ""vote_pattern"": ""2-1"", ""text"": ""\""something weird\"" is happening at the network favored by conservatives""}, {""meta"": ""Ashrey"", ""subcategory"": ""exaggeration"", ""vote_pattern"": ""2-1"", ""text"": ""saying \""something weird\"" is happening at the network favored by conservatives""}]","{""Aarush"": ""polarizing language"", ""Ashrey"": ""polarizing language"", ""Prerana"": ""polarizing language""}","{""Aarush"": ""polarizing language"", ""Ashrey"": ""polarizing language"", ""Prerana"": ""polarizing language""}"
22,"'if you're directly complicit in spreading hate, consider dining at home': restaurant owner who kicked sarah sanders out last year defends chicago server who spat on eric trump in a cocktail bar",0,2,2,False,"{""has_npl_2_1"": false, ""has_npl_3_0"": false, ""has_polarizing_2_1"": true, ""has_polarizing_3_0"": false}","[{""meta"": ""Ashrey"", ""subcategory"": ""demonization"", ""vote_pattern"": ""2-1"", ""text"": ""who spat in Eric Trump's face last week, saying politicians involved in 'spreading hate' should consider dining at home""}]","{""Aarush"": ""no polarizing language"", ""Ashrey"": ""polarizing language"", ""Prerana"": ""polarizing language""}","{""Aarush"": ""no polarizing language"", ""Ashrey"": ""polarizing language"", ""Prerana"": ""polarizing language""}"
22,"'if you're directly complicit in spreading hate, consider dining at home': restaurant owner who kicked sarah sanders out last year defends chicago server who spat on eric trump in a cocktail bar",1,2,2,False,"{""has_npl_2_1"": false, ""has_npl_3_0"": false, ""has_polarizing_2_1"": true, ""has_polarizing_3_0"": false}","[{""meta"": ""Prerana"", ""subcategory"": ""name-calling"", ""vote_pattern"": ""2-1"", ""text"": ""If you're an unsavory individual - of whatever persuasion or affiliation - we have no legal or moral obligation to do business with you,""}]","{""Aarush"": ""no polarizing language"", ""Ashrey"": ""polarizing language"", ""Prerana"": ""polarizing language""}","{""Aarush"": ""no polarizing language"", ""Ashrey"": ""polarizing language"", ""Prerana"": ""polarizing language""}"
22,"'if you're directly complicit in spreading hate, consider dining at home': restaurant owner who kicked sarah sanders out last year defends chicago server who spat on eric trump in a cocktail bar",2,3,2,True,"{""has_npl_2_1"": false, ""has_npl_3_0"": false, ""has_polarizing_2_1"": true, ""has_polarizing_3_0"": false}","[{""meta"": ""Prerana"", ""subcategory"": ""exaggeration"", ""vote_pattern"": ""2-1"", ""text"": ""its normal axis' there will be less 'highly charged encounters' making headlines.""}]","{""Aarush"": ""polarizing language"", ""Ashrey"": ""polarizing language"", ""Prerana"": ""polarizing language""}","{""Aarush"": ""no polarizing language"", ""Ashrey"": ""polarizing language"", ""Prerana"": ""polarizing language""}"
23,"Donald Trump Jr. mocks Roy Moore after campaign announcement, reigniting feud",0,2,2,False,"{""has_npl_2_1"": false, ""has_npl_3_0"": false, ""has_polarizing_2_1"": true, ""has_polarizing_3_0"": false}","[{""meta"": ""Prerana"", ""subcategory"": ""bandwagon"", ""vote_pattern"": ""2-1"", ""text"": ""\""Yes, I can win. Not only can I, they know I can.""}]","{""Aarush"": ""no polarizing language"", ""Ashrey"": ""polarizing language"", ""Prerana"": ""polarizing language""}","{""Aarush"": ""no polarizing language"", ""Ashrey"": ""polarizing language"", ""Prerana"": ""polarizing language""}"
23,"Donald Trump Jr. mocks Roy Moore after campaign announcement, reigniting feud",1,3,2,True,"{""has_npl_2_1"": false, ""has_npl_3_0"": false, ""has_polarizing_2_1"": true, ""has_polarizing_3_0"": false}","[{""meta"": ""Ashrey"", ""subcategory"": ""demonization"", ""vote_pattern"": ""2-1"", ""text"": ""If you actually care about #MAGA more than your own ego, it's time to ride off into the sunset, Judge.""}, {""meta"": ""Aarush"", ""subcategory"": ""exaggeration"", ""vote_pattern"": ""2-1"", ""text"": ""he's doing a disservice to all conservatives""}, {""meta"": ""Prerana"", ""subcategory"": ""scapegoating"", ""vote_pattern"": ""2-1"", ""text"": ""he's doing a disservice to all conservatives across the country in the process""}]","{""Aarush"": ""polarizing language"", ""Ashrey"": ""polarizing language"", ""Prerana"": ""polarizing language""}","{""Aarush"": ""no polarizing language"", ""Ashrey"": ""polarizing language"", ""Prerana"": ""polarizing language""}"
24,"RMV Fail: 546 license suspensions, more to come",0,2,2,False,"{""has_npl_2_1"": false, ""has_npl_3_0"": false, ""has_polarizing_2_1"": true, ""has_polarizing_3_0"": false}","[{""meta"": ""Ashrey"", ""subcategory"": ""exaggeration"", ""vote_pattern"": ""2-1"", ""text"": ""In a stunning press conference detailing the scope of the crisis Monday,""}]","{""Aarush"": ""no polarizing language"", ""Ashrey"": ""polarizing language"", ""Prerana"": ""polarizing language""}","{""Aarush"": ""no polarizing language"", ""Ashrey"": ""polarizing language"", ""Prerana"": ""polarizing language""}"
24,"RMV Fail: 546 license suspensions, more to come",1,1,1,False,"{""has_npl_2_1"": true, ""has_npl_3_0"": false, ""has_polarizing_2_1"": false, ""has_polarizing_3_0"": false}","[{""meta"": ""Ashrey"", ""subcategory"": ""no polarizing language"", ""vote_pattern"": ""2-1"", ""text"": ""no polarizing language selected""}]","{""Aarush"": ""no polarizing language"", ""Ashrey"": ""no polarizing language"", ""Prerana"": ""polarizing language""}","{""Aarush"": ""no polarizing language"", ""Ashrey"": ""no polarizing language"", ""Prerana"": ""polarizing language""}"
24,"RMV Fail: 546 license suspensions, more to come",2,1,2,True,"{""has_npl_2_1"": true, ""has_npl_3_0"": false, ""has_polarizing_2_1"": true, ""has_polarizing_3_0"": false}","[{""meta"": ""Prerana"", ""subcategory"": ""doubt"", ""vote_pattern"": ""2-1"", ""text"": ""e unknown reason, when people stopped dealing with the notifications altogether.""}, {""meta"": ""Prerana"", ""subcategory"": ""exaggeration"", ""vote_pattern"": ""2-1"", ""text"": ""e RMV has \""worked around the clock\"" to address the backlog""}, {""meta"": ""Ashrey"", ""subcategory"": ""no polarizing language"", ""vote_pattern"": ""2-1"", ""text"": ""no polarizing language selected""}]","{""Aarush"": ""no polarizing language"", ""Ashrey"": ""no polarizing language"", ""Prerana"": ""polarizing language""}","{""Aarush"": ""polarizing language"", ""Ashrey"": ""no polarizing language"", ""Prerana"": ""polarizing language""}"
25,Killer of 16-year-old New York girl in 1980 released on parole despite outrage,1,2,2,False,"{""has_npl_2_1"": false, ""has_npl_3_0"": true, ""has_polarizing_2_1"": true, ""has_polarizing_3_0"": false}","[{""meta"": ""Aarush"", ""subcategory"": ""no polarizing language"", ""vote_pattern"": ""3-0"", ""text"": ""no polarizing language selected""}, {""meta"": ""Ashrey"", ""subcategory"": ""slogans"", ""vote_pattern"": ""2-1"", ""text"": ""A non-profit organization \""Petition for Paula\"" filed a lawsuit""}]","{""Aarush"": ""no polarizing language"", ""Ashrey"": ""polarizing language"", ""Prerana"": ""polarizing language""}","{""Aarush"": ""no polarizing language"", ""Ashrey"": ""polarizing language"", ""Prerana"": ""polarizing language""}"
25,Killer of 16-year-old New York girl in 1980 released on parole despite outrage,2,1,2,True,"{""has_npl_2_1"": false, ""has_npl_3_0"": true, ""has_polarizing_2_1"": true, ""has_polarizing_3_0"": false}","[{""meta"": ""Prerana"", ""subcategory"": ""bandwagon"", ""vote_pattern"": ""2-1"", ""text"": ""HUNDREDS PROTEST PLAN TO RELEASE 16-YEAR-OLD GIRL'S CONVICTED KILLER Former New York Gov.""}, {""meta"": ""Prerana"", ""subcategory"": ""exaggeration"", ""vote_pattern"": ""2-1"", ""text"": ""hey would have to see that this man should not be out in the streets,\"" Pataki said.""}, {""meta"": ""Ashrey"", ""subcategory"": ""no polarizing language"", ""vote_pattern"": ""3-0"", ""text"": ""no polarizing language selected""}]","{""Aarush"": ""no polarizing language"", ""Ashrey"": ""no polarizing language"", ""Prerana"": ""polarizing language""}","{""Aarush"": ""polarizing language"", ""Ashrey"": ""no polarizing language"", ""Prerana"": ""polarizing language""}"
25,Killer of 16-year-old New York girl in 1980 released on parole despite outrage,3,1,3,True,"{""has_npl_2_1"": false, ""has_npl_3_0"": true, ""has_polarizing_2_1"": true, ""has_polarizing_3_0"": true}","[{""meta"": ""Prerana"", ""subcategory"": ""doubt"", ""vote_pattern"": ""3-0"", ""text"": "". I don't think he's sorry.""}, {""meta"": ""Prerana"", ""subcategory"": ""doubt"", ""vote_pattern"": ""2-1"", ""text"": ""y for it, so how can he be sorry?""}, {""meta"": ""Ashrey"", ""subcategory"": ""no polarizing language"", ""vote_pattern"": ""3-0"", ""text"": ""no polarizing language selected""}]","{""Aarush"": ""no polarizing language"", ""Ashrey"": ""no polarizing language"", ""Prerana"": ""polarizing language""}","{""Aarush"": ""polarizing language"", ""Ashrey"": ""polarizing language"", ""Prerana"": ""polarizing language""}"
26,"Ocasio-Cortez, Sanders call for climate change emergency mobilization, seeks a re-do of failed Green New Deal",0,3,2,True,"{""has_npl_2_1"": false, ""has_npl_3_0"": false, ""has_polarizing_2_1"": true, ""has_polarizing_3_0"": false}","[{""meta"": ""Aarush"", ""subcategory"": ""casual oversimplification"", ""vote_pattern"": ""2-1"", ""text"": ""address the so-called emergency.""}]","{""Aarush"": ""polarizing language"", ""Ashrey"": ""polarizing language"", ""Prerana"": ""polarizing language""}","{""Aarush"": ""polarizing language"", ""Ashrey"": ""no polarizing language"", ""Prerana"": ""polarizing language""}"
26,"Ocasio-Cortez, Sanders call for climate change emergency mobilization, seeks a re-do of failed Green New Deal",1,2,2,False,"{""has_npl_2_1"": false, ""has_npl_3_0"": true, ""has_polarizing_2_1"": true, ""has_polarizing_3_0"": false}","[{""meta"": ""Prerana"", ""subcategory"": ""name-calling"", ""vote_pattern"": ""2-1"", ""text"": ""\""a radical, top-down, socialist makeover of the entire U.S. economy.\""""}, {""meta"": ""Prerana"", ""subcategory"": ""no polarizing language"", ""vote_pattern"": ""3-0"", ""text"": ""no polarizing language selected""}]","{""Aarush"": ""no polarizing language"", ""Ashrey"": ""polarizing language"", ""Prerana"": ""polarizing language""}","{""Aarush"": ""no polarizing language"", ""Ashrey"": ""polarizing language"", ""Prerana"": ""polarizing language""}"
26,"Ocasio-Cortez, Sanders call for climate change emergency mobilization, seeks a re-do of failed Green New Deal",2,2,2,False,"{""has_npl_2_1"": false, ""has_npl_3_0"": false, ""has_polarizing_2_1"": true, ""has_polarizing_3_0"": false}","[{""meta"": ""Prerana"", ""subcategory"": ""name-calling"", ""vote_pattern"": ""2-1"", ""text"": ""ely declared phony national emergencies to advance his deep""}]","{""Aarush"": ""no polarizing language"", ""Ashrey"": ""polarizing language"", ""Prerana"": ""polarizing language""}","{""Aarush"": ""no polarizing language"", ""Ashrey"": ""polarizing language"", ""Prerana"": ""polarizing language""}"
27,Gabbard was most searched Democratic candidate after debate despite getting third-lowest speaking time,1,2,3,True,"{""has_npl_2_1"": false, ""has_npl_3_0"": false, ""has_polarizing_2_1"": false, ""has_polarizing_3_0"": true}","[{""meta"": ""Prerana"", ""subcategory"": ""casual oversimplification"", ""vote_pattern"": ""3-0"", ""text"": ""weren't in there, they started flying planes into our buildings,\""""}]","{""Aarush"": ""no polarizing language"", ""Ashrey"": ""polarizing language"", ""Prerana"": ""polarizing language""}","{""Aarush"": ""polarizing language"", ""Ashrey"": ""polarizing language"", ""Prerana"": ""polarizing language""}"
