article_title,paragraph_index,cluster_status,vote_pattern,representative_accept,representative_deny,representative_total_votes,representative_accept_rate,subcategory,category,representative_text,representative_meta,cluster_member_count,cluster_metas,cluster_texts
Every American is entitled to health care': Sen. Bernie Sanders,1.0,majority_accept,2-1,2.0,1.0,3,0.666666666666666,demonization,inflammatory language,"f you support Medicare for all, you have to be willing to end the greed of the health insurance and pharmaceutical industries",Ashrey,2.0,Ashrey | Prerana,"f you support Medicare for all, you have to be willing to end the greed of the health insurance and pharmaceutical industries || be willing to end the greed of the health insurance"
Every American is entitled to health care': Sen. Bernie Sanders,1.0,majority_accept,2-1,2.0,1.0,3,0.666666666666666,demonization,inflammatory language,no longer private corporations to make billions of dollars in profits off Americans' health care.,Ashrey,1.0,Ashrey,no longer private corporations to make billions of dollars in profits off Americans' health care.
Every American is entitled to health care': Sen. Bernie Sanders,1.0,majority_accept,2-1,2.0,1.0,3,0.666666666666666,doubt,persuasive propaganda,That means boldly transforming our dysfunctional system by ending the use of private health insurance,Ashrey,1.0,Ashrey,That means boldly transforming our dysfunctional system by ending the use of private health insurance
Every American is entitled to health care': Sen. Bernie Sanders,1.0,majority_accept,2-1,2.0,1.0,3,0.666666666666666,slogans,persuasive propaganda,guarantee health care as a human right,Prerana,2.0,Ashrey | Prerana,guarantee health care as a human right || guarantee health care as a human right
Every American is entitled to health care': Sen. Bernie Sanders,2.0,majority_accept,2-1,2.0,1.0,3,0.666666666666666,no polarizing language,no polarizing language,no polarizing language selected,Ashrey,2.0,Aarush | Ashrey,no polarizing language selected || no polarizing language selected
WE ARE LIVID!': Mural Honoring Philadelphia Police Officer Killed In Line Of Duty Vandalized,0.0,majority_accept,3-0,3,0,3,1.0,name-calling,inflammatory language,"f hero and fallen-officer,",Prerana,3,Prerana,"f hero and fallen-officer,"
WE ARE LIVID!': Mural Honoring Philadelphia Police Officer Killed In Line Of Duty Vandalized,1.0,majority_accept,2-1,2.0,1.0,3,0.666666666666666,bandwagon,persuasive propaganda,why should any other layman warrant any real respect and keep their memory alive?,Ashrey,1.0,Ashrey,why should any other layman warrant any real respect and keep their memory alive?
WE ARE LIVID!': Mural Honoring Philadelphia Police Officer Killed In Line Of Duty Vandalized,1.0,majority_accept,2-1,2.0,1.0,3,0.666666666666666,exaggeration,persuasive propaganda,orance and disrespect shown toward police is at an al,Prerana,1.0,Prerana,orance and disrespect shown toward police is at an al
WE ARE LIVID!': Mural Honoring Philadelphia Police Officer Killed In Line Of Duty Vandalized,1.0,majority_accept,2-1,2.0,1.0,3,0.666666666666666,slogans,persuasive propaganda,"WE ARE LIVID! One year ago,",Prerana,1.0,Prerana,"WE ARE LIVID! One year ago,"
WE ARE LIVID!': Mural Honoring Philadelphia Police Officer Killed In Line Of Duty Vandalized,2.0,majority_accept,3-0,3,0,3,1.0,exaggeration,persuasive propaganda,h are as minuscule as a slap on the wrist.,Prerana,3,Prerana,h are as minuscule as a slap on the wrist.
"if you're directly complicit in spreading hate, consider dining at home': restaurant owner who kicked sarah sanders out last year defends chicago server who spat on eric trump in a cocktail bar",0.0,majority_accept,2-1,2.0,1.0,3,0.666666666666666,demonization,inflammatory language,"who spat in Eric Trump's face last week, saying politicians involved in 'spreading hate' should consider dining at home",Ashrey,1.0,Ashrey,"who spat in Eric Trump's face last week, saying politicians involved in 'spreading hate' should consider dining at home"
"if you're directly complicit in spreading hate, consider dining at home': restaurant owner who kicked sarah sanders out last year defends chicago server who spat on eric trump in a cocktail bar",1.0,majority_accept,2-1,2.0,1.0,3,0.666666666666666,name-calling,inflammatory language,"If you're an unsavory individual - of whatever persuasion or affiliation - we have no legal or moral obligation to do business with you,",Prerana,1.0,Prerana,"If you're an unsavory individual - of whatever persuasion or affiliation - we have no legal or moral obligation to do business with you,"
"if you're directly complicit in spreading hate, consider dining at home': restaurant owner who kicked sarah sanders out last year defends chicago server who spat on eric trump in a cocktail bar",2.0,majority_accept,2-1,2.0,1.0,3,0.666666666666666,exaggeration,persuasive propaganda,its normal axis' there will be less 'highly charged encounters' making headlines.,Prerana,1.0,Prerana,its normal axis' there will be less 'highly charged encounters' making headlines.
"pathetic rout,' 'tragic mistake' and 'painful' john mccain holds little back in describing helsinki",0.0,majority_accept,2-1,2.0,1.0,3,0.666666666666666,no polarizing language,no polarizing language,no polarizing language selected,Aarush,1.0,Aarush,no polarizing language selected
Biden criticizes Amazon for paying $0 in corporate taxes,0.0,majority_accept,2-1,2.0,1.0,3,0.666666666666666,exaggeration,persuasive propaganda,"I have nothing against Amazon, but no company pulling in billions of dollars of profits should pay a lower tax rate than firefighters and teachers",Ashrey,2.0,Ashrey | Prerana,"I have nothing against Amazon, but no company pulling in billions of dollars of profits should pay a lower tax rate than firefighters and teachers || ut no company pulling in billions of dollars of profits should pay a lower tax rate"
Biden criticizes Amazon for paying $0 in corporate taxes,0.0,majority_accept,2-1,2.0,1.0,3,0.666666666666666,exaggeration,persuasive propaganda,presidential candidate to slam one,Aarush,1.0,Aarush,presidential candidate to slam one
Biden criticizes Amazon for paying $0 in corporate taxes,0.0,majority_accept,2-1,2.0,1.0,3,0.666666666666666,slogans,persuasive propaganda,"We need to reward work, not just wealth",Ashrey,2.0,Ashrey | Prerana,"We need to reward work, not just wealth || e need to reward work, not just wealth."""
Biden criticizes Amazon for paying $0 in corporate taxes,1.0,majority_accept,2-1,2.0,1.0,3,0.666666666666666,demonization,inflammatory language,who said they were treated inhumanely at the facilitie,Prerana,1.0,Prerana,who said they were treated inhumanely at the facilitie
Biden criticizes Amazon for paying $0 in corporate taxes,3.0,majority_accept,2-1,2.0,1.0,3,0.666666666666666,no polarizing language,no polarizing language,no polarizing language selected,Ashrey,2.0,Aarush | Ashrey,no polarizing language selected || no polarizing language selected
BuzzFeed Journalists Protest in Push for Union Recognition,0.0,majority_accept,2-1,2.0,1.0,3,0.666666666666666,name-calling,inflammatory language,also a giant inflatable rat -- a common form of protest by striking trade unions,Prerana,1.0,Prerana,also a giant inflatable rat -- a common form of protest by striking trade unions
BuzzFeed Journalists Protest in Push for Union Recognition,0.0,majority_accept,3-0,3,0,3,1.0,no polarizing language,no polarizing language,no polarizing language selected,Aarush,3,Aarush,no polarizing language selected
BuzzFeed Journalists Protest in Push for Union Recognition,0.0,majority_accept,2-1,2.0,1.0,3,0.666666666666666,slogans,persuasive propaganda,"Recognize the BuzzFeed Union!!""",Prerana,2.0,Ashrey | Prerana,"Recognize the BuzzFeed Union!! || Recognize the BuzzFeed Union!!"""
BuzzFeed Journalists Protest in Push for Union Recognition,1.0,majority_accept,2-1,2.0,1.0,3,0.666666666666666,exaggeration,persuasive propaganda,"unfair pay disparities, mismanaged pivots and layoffs, weak benefits, skyrocketing health insurance costs, diversity, and more",Prerana,1.0,Prerana,"unfair pay disparities, mismanaged pivots and layoffs, weak benefits, skyrocketing health insurance costs, diversity, and more"
BuzzFeed Journalists Protest in Push for Union Recognition,1.0,majority_accept,3-0,3,0,3,1.0,no polarizing language,no polarizing language,no polarizing language selected,Ashrey,3,Aarush | Ashrey,no polarizing language selected || no polarizing language selected
BuzzFeed Journalists Protest in Push for Union Recognition,2.0,majority_accept,3-0,3,0,3,1.0,name-calling,inflammatory language,once the darlings of the media industry,Prerana,3,Prerana,once the darlings of the media industry
DC mayor says Trump's Fourth of July celebration emptied security fund,0.0,majority_accept,3-0,3,0,3,1.0,no polarizing language,no polarizing language,no polarizing language selected,Ashrey,3,Aarush | Ashrey,no polarizing language selected || no polarizing language selected
DC mayor says Trump's Fourth of July celebration emptied security fund,1.0,majority_accept,2-1,2.0,1.0,3,0.666666666666666,no polarizing language,no polarizing language,no polarizing language selected,Ashrey,2.0,Aarush | Ashrey,no polarizing language selected || no polarizing language selected
DC mayor says Trump's Fourth of July celebration emptied security fund,1.0,majority_accept,3-0,3,0,3,1.0,slogans,persuasive propaganda,Nothing America cannot do':,Prerana,3,Prerana,Nothing America cannot do':
DC mayor says Trump's Fourth of July celebration emptied security fund,2.0,majority_accept,2-1,2.0,1.0,3,0.666666666666666,name-calling,inflammatory language,More: Far-right extremists Proud Boys ou,Prerana,1.0,Prerana,More: Far-right extremists Proud Boys ou
DC mayor says Trump's Fourth of July celebration emptied security fund,2.0,majority_accept,3-0,3,0,3,1.0,no polarizing language,no polarizing language,no polarizing language selected,Aarush,3,Aarush,no polarizing language selected
Did Jared Kushner Violate the Hatch Act? Democrats Request Investigation After Kellyanne Conway Findings,0.0,majority_accept,3-0,3,0,3,1.0,doubt,persuasive propaganda,Democratic congressman on Monday to demand an investigation into whether the president's son-in-law Jared Kushner similarly broke federal law.,Prerana,3,Prerana,Democratic congressman on Monday to demand an investigation into whether the president's son-in-law Jared Kushner similarly broke federal law.
Did Jared Kushner Violate the Hatch Act? Democrats Request Investigation After Kellyanne Conway Findings,0.0,majority_accept,2-1,2.0,1.0,3,0.666666666666666,no polarizing language,no polarizing language,no polarizing language selected,Ashrey,2.0,Aarush | Ashrey,no polarizing language selected || no polarizing language selected
Did Jared Kushner Violate the Hatch Act? Democrats Request Investigation After Kellyanne Conway Findings,1.0,majority_accept,2-1,2.0,1.0,3,0.666666666666666,demonization,inflammatory language,benefited from special treatment; as with his many deceptions regarding his security clearance this is something no rank-and-file federal employee would get away with,Ashrey,1.0,Ashrey,benefited from special treatment; as with his many deceptions regarding his security clearance this is something no rank-and-file federal employee would get away with
Did Jared Kushner Violate the Hatch Act? Democrats Request Investigation After Kellyanne Conway Findings,1.0,majority_accept,3-0,3,0,3,1.0,doubt,persuasive propaganda,We have strong reason to believe that Jared Kushner is in violation of both the spirit and the letter,Prerana,3,Prerana,We have strong reason to believe that Jared Kushner is in violation of both the spirit and the letter
Did Jared Kushner Violate the Hatch Act? Democrats Request Investigation After Kellyanne Conway Findings,1.0,majority_accept,2-1,2.0,1.0,3,0.666666666666666,doubt,persuasive propaganda,"Kushner's ""poor track record of compliance with the spirit of the Hatch Act,",Prerana,1.0,Prerana,"Kushner's ""poor track record of compliance with the spirit of the Hatch Act,"
Did Jared Kushner Violate the Hatch Act? Democrats Request Investigation After Kellyanne Conway Findings,2.0,majority_accept,2-1,2.0,1.0,3,0.666666666666666,demonization,inflammatory language,mp 'ÄãDonald Trump's Refusal to Fire Kellyanne Conway is 'Dangerous' and She Should Resign:,Prerana,1.0,Prerana,mp 'ÄãDonald Trump's Refusal to Fire Kellyanne Conway is 'Dangerous' and She Should Resign:
"Donald Trump Jr. mocks Roy Moore after campaign announcement, reigniting feud",0.0,majority_accept,2-1,2.0,1.0,3,0.666666666666666,bandwagon,persuasive propaganda,"""Yes, I can win. Not only can I, they know I can.",Prerana,1.0,Prerana,"""Yes, I can win. Not only can I, they know I can."
"Donald Trump Jr. mocks Roy Moore after campaign announcement, reigniting feud",1.0,majority_accept,2-1,2.0,1.0,3,0.666666666666666,demonization,inflammatory language,"If you actually care about #MAGA more than your own ego, it's time to ride off into the sunset, Judge.",Ashrey,1.0,Ashrey,"If you actually care about #MAGA more than your own ego, it's time to ride off into the sunset, Judge."
"Donald Trump Jr. mocks Roy Moore after campaign announcement, reigniting feud",1.0,majority_accept,2-1,2.0,1.0,3,0.666666666666666,exaggeration,persuasive propaganda,he's doing a disservice to all conservatives,Aarush,1.0,Aarush,he's doing a disservice to all conservatives
"Donald Trump Jr. mocks Roy Moore after campaign announcement, reigniting feud",1.0,majority_accept,2-1,2.0,1.0,3,0.666666666666666,scapegoating,inflammatory language,he's doing a disservice to all conservatives across the country in the process,Prerana,1.0,Prerana,he's doing a disservice to all conservatives across the country in the process
Gabbard was most searched Democratic candidate after debate despite getting third-lowest speaking time,1.0,majority_accept,3-0,3,0,3,1.0,casual oversimplification,persuasive propaganda,"weren't in there, they started flying planes into our buildings,""",Prerana,3,Prerana,"weren't in there, they started flying planes into our buildings,"""
Killer of 16-year-old New York girl in 1980 released on parole despite outrage,1.0,majority_accept,3-0,3,0,3,1.0,no polarizing language,no polarizing language,no polarizing language selected,Aarush,3,Aarush,no polarizing language selected
Killer of 16-year-old New York girl in 1980 released on parole despite outrage,1.0,majority_accept,2-1,2.0,1.0,3,0.666666666666666,slogans,persuasive propaganda,"A non-profit organization ""Petition for Paula"" filed a lawsuit",Ashrey,1.0,Ashrey,"A non-profit organization ""Petition for Paula"" filed a lawsuit"
Killer of 16-year-old New York girl in 1980 released on parole despite outrage,2.0,majority_accept,2-1,2.0,1.0,3,0.666666666666666,bandwagon,persuasive propaganda,HUNDREDS PROTEST PLAN TO RELEASE 16-YEAR-OLD GIRL'S CONVICTED KILLER Former New York Gov.,Prerana,1.0,Prerana,HUNDREDS PROTEST PLAN TO RELEASE 16-YEAR-OLD GIRL'S CONVICTED KILLER Former New York Gov.
Killer of 16-year-old New York girl in 1980 released on parole despite outrage,2.0,majority_accept,2-1,2.0,1.0,3,0.666666666666666,exaggeration,persuasive propaganda,"hey would have to see that this man should not be out in the streets,"" Pataki said.",Prerana,1.0,Prerana,"hey would have to see that this man should not be out in the streets,"" Pataki said."
Killer of 16-year-old New York girl in 1980 released on parole despite outrage,2.0,majority_accept,3-0,3,0,3,1.0,no polarizing language,no polarizing language,no polarizing language selected,Ashrey,3,Aarush | Ashrey,no polarizing language selected || no polarizing language selected
Killer of 16-year-old New York girl in 1980 released on parole despite outrage,3.0,majority_accept,3-0,3,0,3,1.0,doubt,persuasive propaganda,. I don't think he's sorry.,Prerana,3,Prerana,. I don't think he's sorry.
Killer of 16-year-old New York girl in 1980 released on parole despite outrage,3.0,majority_accept,2-1,2.0,1.0,3,0.666666666666666,doubt,persuasive propaganda,"y for it, so how can he be sorry?",Prerana,1.0,Prerana,"y for it, so how can he be sorry?"
Killer of 16-year-old New York girl in 1980 released on parole despite outrage,3.0,majority_accept,3-0,3,0,3,1.0,no polarizing language,no polarizing language,no polarizing language selected,Ashrey,3,Aarush | Ashrey,no polarizing language selected || no polarizing language selected
"Ocasio-Cortez, Sanders call for climate change emergency mobilization, seeks a re-do of failed Green New Deal",0.0,majority_accept,2-1,2.0,1.0,3,0.666666666666666,casual oversimplification,persuasive propaganda,address the so-called emergency.,Aarush,1.0,Aarush,address the so-called emergency.
"Ocasio-Cortez, Sanders call for climate change emergency mobilization, seeks a re-do of failed Green New Deal",1.0,majority_accept,2-1,2.0,1.0,3,0.666666666666666,name-calling,inflammatory language,"""a radical, top-down, socialist makeover of the entire U.S. economy.""",Prerana,2.0,Ashrey | Prerana,"a radical, top-down, socialist makeover of the entire U.S. economy."" || ""a radical, top-down, socialist makeover of the entire U.S. economy."""
"Ocasio-Cortez, Sanders call for climate change emergency mobilization, seeks a re-do of failed Green New Deal",1.0,majority_accept,3-0,3,0,3,1.0,no polarizing language,no polarizing language,no polarizing language selected,Prerana,3,Aarush | Prerana,no polarizing language selected || no polarizing language selected
"Ocasio-Cortez, Sanders call for climate change emergency mobilization, seeks a re-do of failed Green New Deal",2.0,majority_accept,2-1,2.0,1.0,3,0.666666666666666,name-calling,inflammatory language,ely declared phony national emergencies to advance his deep,Prerana,2.0,Prerana,hony national emergencies to advance || ely declared phony national emergencies to advance his deep
Protest in Madrid as conservatives suspend ban on most polluting cars,1.0,majority_accept,2-1,2.0,1.0,3,0.666666666666666,no polarizing language,no polarizing language,no polarizing language selected,Prerana,3.0,Aarush | Ashrey | Prerana,no polarizing language selected || no polarizing language selected || no polarizing language selected
Protesters Want All Philadelphia Police Officers Connected To Alleged Racist Social Media Posts To Be Removed From Streets,1.0,majority_accept,2-1,2.0,1.0,3,0.666666666666666,exaggeration,persuasive propaganda,ey won't be satisfied until all officers involved in this scandal are removed from the streets.,Prerana,1.0,Prerana,ey won't be satisfied until all officers involved in this scandal are removed from the streets.
Protesters Want All Philadelphia Police Officers Connected To Alleged Racist Social Media Posts To Be Removed From Streets,2.0,majority_accept,2-1,2.0,1.0,3,0.666666666666666,exaggeration,persuasive propaganda,"ore officers that are taken off the streets, the more vulnerable the city becomes to",Prerana,1.0,Prerana,"ore officers that are taken off the streets, the more vulnerable the city becomes to"
Protesters Want All Philadelphia Police Officers Connected To Alleged Racist Social Media Posts To Be Removed From Streets,2.0,majority_accept,3-0,3,0,3,1.0,no polarizing language,no polarizing language,no polarizing language selected,Ashrey,3,Aarush | Ashrey,no polarizing language selected || no polarizing language selected
"RMV Fail: 546 license suspensions, more to come",0.0,majority_accept,2-1,2.0,1.0,3,0.666666666666666,exaggeration,persuasive propaganda,"In a stunning press conference detailing the scope of the crisis Monday,",Ashrey,2.0,Ashrey | Prerana,"In a stunning press conference detailing the scope of the crisis Monday, || In a stunning press conference detailing the scope"
"RMV Fail: 546 license suspensions, more to come",1.0,majority_accept,2-1,2.0,1.0,3,0.666666666666666,no polarizing language,no polarizing language,no polarizing language selected,Ashrey,2.0,Aarush | Ashrey,no polarizing language selected || no polarizing language selected
"RMV Fail: 546 license suspensions, more to come",2.0,majority_accept,2-1,2.0,1.0,3,0.666666666666666,doubt,persuasive propaganda,"e unknown reason, when people stopped dealing with the notifications altogether.",Prerana,1.0,Prerana,"e unknown reason, when people stopped dealing with the notifications altogether."
"RMV Fail: 546 license suspensions, more to come",2.0,majority_accept,2-1,2.0,1.0,3,0.666666666666666,exaggeration,persuasive propaganda,"e RMV has ""worked around the clock"" to address the backlog",Prerana,1.0,Prerana,"e RMV has ""worked around the clock"" to address the backlog"
"RMV Fail: 546 license suspensions, more to come",2.0,majority_accept,2-1,2.0,1.0,3,0.666666666666666,no polarizing language,no polarizing language,no polarizing language selected,Ashrey,2.0,Aarush | Ashrey,no polarizing language selected || no polarizing language selected
Trump hits polling on Fox News: 'Something weird going on at Fox',0.0,majority_accept,3-0,3,0,3,1.0,doubt,persuasive propaganda,"For the record, I didn't spend 30 hours with @abcnews , but rather a tiny fraction of that. More Fake News @BretBaier",Ashrey,3,Ashrey,"For the record, I didn't spend 30 hours with @abcnews , but rather a tiny fraction of that. More Fake News @BretBaier"
Trump hits polling on Fox News: 'Something weird going on at Fox',0.0,majority_accept,2-1,2.0,1.0,3,0.666666666666666,doubt,persuasive propaganda,"""something weird"" is happening at the network favored by conservatives",Prerana,1.0,Prerana,"""something weird"" is happening at the network favored by conservatives"
Trump hits polling on Fox News: 'Something weird going on at Fox',0.0,majority_accept,2-1,2.0,1.0,3,0.666666666666666,exaggeration,persuasive propaganda,"saying ""something weird"" is happening at the network favored by conservatives",Ashrey,1.0,Ashrey,"saying ""something weird"" is happening at the network favored by conservatives"
donald trump's criminal justice reform shows results,0.0,majority_accept,2-1,2.0,1.0,3,0.666666666666666,casual oversimplification,persuasive propaganda,will become a productive member of society.,Prerana,1.0,Prerana,will become a productive member of society.
donald trump's criminal justice reform shows results,0.0,majority_accept,2-1,2.0,1.0,3,0.666666666666666,exaggeration,persuasive propaganda,ehind bars does nothing to rehabilitate.,Prerana,1.0,Prerana,ehind bars does nothing to rehabilitate.
donald trump's criminal justice reform shows results,1.0,majority_accept,2-1,2.0,1.0,3,0.666666666666666,exaggeration,persuasive propaganda,"me."" He didn't know how to be free. He died in priso",Prerana,1.0,Prerana,"me."" He didn't know how to be free. He died in priso"
donald trump's criminal justice reform shows results,1.0,majority_accept,3-0,3,0,3,1.0,no polarizing language,no polarizing language,no polarizing language selected,Ashrey,3,Aarush | Ashrey,no polarizing language selected || no polarizing language selected
donald trump's criminal justice reform shows results,3.0,majority_accept,2-1,2.0,1.0,3,0.666666666666666,exaggeration,persuasive propaganda,That's a lot of medical expenses.,Prerana,1.0,Prerana,That's a lot of medical expenses.
donald trump's criminal justice reform shows results,3.0,majority_accept,2-1,2.0,1.0,3,0.666666666666666,name-calling,inflammatory language,en about the extreme and morally damaging sentencing practices of the modern era.,Prerana,1.0,Prerana,en about the extreme and morally damaging sentencing practices of the modern era.
donald trump's criminal justice reform shows results,3.0,majority_accept,3-0,3,0,3,1.0,no polarizing language,no polarizing language,no polarizing language selected,Ashrey,3,Aarush | Ashrey,no polarizing language selected || no polarizing language selected
"editorial: six months after california's landmark police transparency law, many agencies still won't release their records",0.0,majority_accept,2-1,2.0,1.0,3,0.666666666666666,casual oversimplification,persuasive propaganda,"But the public has the right to know about these very serious events, which is why it was so important to pass SB1421.",Ashrey,1.0,Ashrey,"But the public has the right to know about these very serious events, which is why it was so important to pass SB1421."
"editorial: six months after california's landmark police transparency law, many agencies still won't release their records",0.0,majority_accept,2-1,2.0,1.0,3,0.666666666666666,demonization,inflammatory language,But the biggest thing we've learned is that many police departments believe that compliance with the law is optiona,Ashrey,1.0,Ashrey,But the biggest thing we've learned is that many police departments believe that compliance with the law is optiona
"editorial: six months after california's landmark police transparency law, many agencies still won't release their records",1.0,majority_accept,2-1,2.0,1.0,3,0.666666666666666,doubt,persuasive propaganda,"""Law enforcement in San Francisco is deliberately sandbagging the release of these records,""",Ashrey,1.0,Ashrey,"""Law enforcement in San Francisco is deliberately sandbagging the release of these records,"""
"editorial: six months after california's landmark police transparency law, many agencies still won't release their records",2.0,majority_accept,2-1,2.0,1.0,3,0.666666666666666,doubt,persuasive propaganda,groups have had a powerful champion in their attempts to deny the public thi,Prerana,1.0,Prerana,groups have had a powerful champion in their attempts to deny the public thi
"editorial: six months after california's landmark police transparency law, many agencies still won't release their records",3.0,majority_accept,3-0,3,0,3,1.0,no polarizing language,no polarizing language,no polarizing language selected,Aarush,3,Aarush,no polarizing language selected
"editorial: six months after california's landmark police transparency law, many agencies still won't release their records",3.0,majority_accept,2-1,2.0,1.0,3,0.666666666666666,slogans,persuasive propaganda,No one least of all the agencies that have sworn to protect and serve the public should be allowed to thwart the law.,Ashrey,1.0,Ashrey,No one least of all the agencies that have sworn to protect and serve the public should be allowed to thwart the law.
george conway urges trump to resign over aborted iran strike,0.0,majority_accept,2-1,2.0,1.0,3,0.666666666666666,doubt,persuasive propaganda,"Do the country and the world a favor. Go back to real estate, where the worst you can do is kill banks.",Ashrey,1.0,Ashrey,"Do the country and the world a favor. Go back to real estate, where the worst you can do is kill banks."
george conway urges trump to resign over aborted iran strike,0.0,majority_accept,2-1,2.0,1.0,3,0.666666666666666,exaggeration,persuasive propaganda,ould therefore be grossly disproportionate t,Prerana,1.0,Prerana,ould therefore be grossly disproportionate t
george conway urges trump to resign over aborted iran strike,0.0,majority_accept,3-0,3,0,3,1.0,exaggeration,persuasive propaganda,o say this is amateur hour would defame amateurs.,Prerana,3,Prerana,o say this is amateur hour would defame amateurs.
george conway urges trump to resign over aborted iran strike,1.0,majority_accept,2-1,2.0,1.0,3,0.666666666666666,name-calling,inflammatory language,To say this is amateur hour would defame amateurs,Prerana,1.0,Prerana,To say this is amateur hour would defame amateurs
george conway urges trump to resign over aborted iran strike,1.0,majority_accept,3-0,3,0,3,1.0,no polarizing language,no polarizing language,no polarizing language selected,Aarush,3,Aarush,no polarizing language selected
george conway urges trump to resign over aborted iran strike,3.0,majority_accept,2-1,2.0,1.0,3,0.666666666666666,exaggeration,persuasive propaganda,slamming the commander in chief,Aarush,1.0,Aarush,slamming the commander in chief
meghan markle has been branded 'difficult' by tabloids. it's the same sexism that demonizes driven women in the workplace.,0.0,majority_accept,2-1,2.0,1.0,3,0.666666666666666,bandwagon,persuasive propaganda,People love tearing down powerful women,Aarush,1.0,Aarush,People love tearing down powerful women
meghan markle has been branded 'difficult' by tabloids. it's the same sexism that demonizes driven women in the workplace.,0.0,majority_accept,2-1,2.0,1.0,3,0.666666666666666,demonization,inflammatory language,"sexism that often demonizes driven women as ""abrasive"" or ""bossy",Prerana,1.0,Prerana,"sexism that often demonizes driven women as ""abrasive"" or ""bossy"
meghan markle has been branded 'difficult' by tabloids. it's the same sexism that demonizes driven women in the workplace.,0.0,majority_accept,2-1,2.0,1.0,3,0.666666666666666,demonization,inflammatory language,y dismissing them as difficult divas,Prerana,1.0,Prerana,y dismissing them as difficult divas
"ron desantis signs amendment 4 bill, limiting felon voting",0.0,majority_accept,2-1,2.0,1.0,3,0.666666666666666,name-calling,inflammatory language,"ublican-controlled Legislature was called a ""poll tax"" by critics",Prerana,1.0,Prerana,"ublican-controlled Legislature was called a ""poll tax"" by critics"
"ron desantis signs amendment 4 bill, limiting felon voting",0.0,majority_accept,3-0,3,0,3,1.0,no polarizing language,no polarizing language,no polarizing language selected,Ashrey,3,Aarush | Ashrey,no polarizing language selected || no polarizing language selected
"ron desantis signs amendment 4 bill, limiting felon voting",1.0,majority_accept,2-1,2.0,1.0,3,0.666666666666666,name-calling,inflammatory language,out one of the most racist and enduring policie,Prerana,1.0,Prerana,out one of the most racist and enduring policie
"ron desantis signs amendment 4 bill, limiting felon voting",1.0,majority_accept,3-0,3,0,3,1.0,no polarizing language,no polarizing language,no polarizing language selected,Prerana,3,Aarush | Ashrey | Prerana,no polarizing language selected || no polarizing language selected || no polarizing language selected
"senate confirms judge who attacked roe v. wade, called being transgender 'a delusion'",0.0,majority_accept,2-1,2.0,1.0,3,0.666666666666666,exaggeration,persuasive propaganda,"omen Act ""a grave mistake.",Prerana,1.0,Prerana,"omen Act ""a grave mistake."
"senate confirms judge who attacked roe v. wade, called being transgender 'a delusion'",0.0,majority_accept,3-0,3,0,3,1.0,no polarizing language,no polarizing language,no polarizing language selected,Ashrey,3,Aarush | Ashrey,no polarizing language selected || no polarizing language selected
"senate confirms judge who attacked roe v. wade, called being transgender 'a delusion'",2.0,majority_accept,2-1,2.0,1.0,3,0.666666666666666,demonization,inflammatory language,selection process and funneling anti-abortion and anti-LGBTQ,Prerana,1.0,Prerana,selection process and funneling anti-abortion and anti-LGBTQ
"senate confirms judge who attacked roe v. wade, called being transgender 'a delusion'",2.0,majority_accept,2-1,2.0,1.0,3,0.666666666666666,exaggeration,persuasive propaganda,He is one of Trump's most extreme nominees,Prerana,1.0,Prerana,He is one of Trump's most extreme nominees
"senate confirms judge who attacked roe v. wade, called being transgender 'a delusion'",2.0,majority_accept,3-0,3,0,3,1.0,name-calling,inflammatory language,"a right-wing Christian advocacy group, sounds like",Prerana,3,Prerana,"a right-wing Christian advocacy group, sounds like"
"senate confirms judge who attacked roe v. wade, called being transgender 'a delusion'",2.0,majority_accept,2-1,2.0,1.0,3,0.666666666666666,name-calling,inflammatory language,drape black robes over these bigoted views?,Prerana,1.0,Prerana,drape black robes over these bigoted views?
"senate confirms judge who attacked roe v. wade, called being transgender 'a delusion'",3.0,majority_accept,3-0,3,0,3,1.0,no polarizing language,no polarizing language,no polarizing language selected,Ashrey,3,Aarush | Ashrey,no polarizing language selected || no polarizing language selected
the latest: nadler says panel will move quickly on mcgahn,1.0,majority_accept,2-1,2.0,1.0,3,0.666666666666666,doubt,persuasive propaganda,ed answers on the questions left unanswered,Prerana,1.0,Prerana,ed answers on the questions left unanswered
the latest: nadler says panel will move quickly on mcgahn,1.0,majority_accept,2-1,2.0,1.0,3,0.666666666666666,no polarizing language,no polarizing language,no polarizing language selected,Ashrey,2.0,Aarush | Ashrey,no polarizing language selected || no polarizing language selected
"trump rips 'horrible' new york times, washington post, wonders if people will 'demand' he stay in white house",1.0,majority_accept,2-1,2.0,1.0,3,0.666666666666666,demonization,inflammatory language,"committed a ""virtual act of treason"" by",Prerana,1.0,Prerana,"committed a ""virtual act of treason"" by"
"trump rips 'horrible' new york times, washington post, wonders if people will 'demand' he stay in white house",1.0,majority_accept,2-1,2.0,1.0,3,0.666666666666666,name-calling,inflammatory language,the Failing New York Times,Ashrey,1.0,Ashrey,the Failing New York Times
trump vows to cure cancer and eradicate aids,0.0,majority_accept,2-1,2.0,1.0,3,0.666666666666666,exaggeration,persuasive propaganda,"s to many, many problems, to many, many diseases in",Prerana,1.0,Prerana,"s to many, many problems, to many, many diseases in"
trump vows to cure cancer and eradicate aids,1.0,majority_accept,2-1,2.0,1.0,3,0.666666666666666,casual oversimplification,persuasive propaganda,r sought to divert money away from HIV/AIDS research t,Prerana,1.0,Prerana,r sought to divert money away from HIV/AIDS research t
trump vows to cure cancer and eradicate aids,2.0,majority_accept,2-1,2.0,1.0,3,0.666666666666666,casual oversimplification,persuasive propaganda,"e will eradicate AIDS in America once and for all and we are really close,",Prerana,1.0,Prerana,"e will eradicate AIDS in America once and for all and we are really close,"
tutankhamun sculpture's london auction sparks egyptian outcry,0.0,majority_accept,3-0,3,0,3,1.0,no polarizing language,no polarizing language,no polarizing language selected,Ashrey,3,Ashrey,no polarizing language selected || no polarizing language selected
