article_index,article_title,paragraph_index,meta,subcategory,span,accept,deny,total_votes,accept_rate
0,"'pathetic rout,' 'tragic mistake' and 'painful' john mccain holds little back in describing helsinki",0,Ashrey,exaggeration,Today's press conference in Helsinki was one of the most disgraceful performances by an American president in memory,3,0,3,1.0
0,"'pathetic rout,' 'tragic mistake' and 'painful' john mccain holds little back in describing helsinki",0,Ashrey,name-calling,"The damage inflicted by President Trump's naiveté, egotism, false equivalence, and sympathy for autocrats is difficult to calculate.",2,1,3,0.666667
0,"'pathetic rout,' 'tragic mistake' and 'painful' john mccain holds little back in describing helsinki",0,Aarush,no polarizing language,no polarizing language selected,2,1,3,0.666667
0,"'pathetic rout,' 'tragic mistake' and 'painful' john mccain holds little back in describing helsinki",0,Prerana,exaggeration,"a ""tragic mistake"" in his meetings with Russian P",3,0,3,1.0
0,"'pathetic rout,' 'tragic mistake' and 'painful' john mccain holds little back in describing helsinki",0,Prerana,exaggeration,ne of the most disgraceful performances,3,0,3,1.0
0,"'pathetic rout,' 'tragic mistake' and 'painful' john mccain holds little back in describing helsinki",0,Prerana,name-calling,"President Trump's naiveté, egotism, false equivalence, and sympathy for autocrats is difficult to calculate.",2,0,2,1.0
0,"'pathetic rout,' 'tragic mistake' and 'painful' john mccain holds little back in describing helsinki",1,Ashrey,no polarizing language,no polarizing language selected,0,2,2,0.0
0,"'pathetic rout,' 'tragic mistake' and 'painful' john mccain holds little back in describing helsinki",1,Aarush,name-calling,president made a conscious choice to defend a tyrant,1,1,2,0.5
0,"'pathetic rout,' 'tragic mistake' and 'painful' john mccain holds little back in describing helsinki",1,Aarush,exaggeration,President Trump's bombastic and erratic conduct towards our closest friends and allies in Brussels and Britain,2,0,2,1.0
0,"'pathetic rout,' 'tragic mistake' and 'painful' john mccain holds little back in describing helsinki",1,Prerana,demonization,e to defend a tyrant against the fair questions of a f,2,0,2,1.0
0,"'pathetic rout,' 'tragic mistake' and 'painful' john mccain holds little back in describing helsinki",1,Prerana,bandwagon,m to spew propaganda and lies to the world,0,2,2,0.0
0,"'pathetic rout,' 'tragic mistake' and 'painful' john mccain holds little back in describing helsinki",1,Prerana,demonization,"sovereignty of his neighbors, his complicity in the slaughter of the Syrian people,",2,0,2,1.0
0,"'pathetic rout,' 'tragic mistake' and 'painful' john mccain holds little back in describing helsinki",1,Prerana,exaggeration,bombastic and erratic conduct towards our closest frien,2,0,2,1.0
0,"'pathetic rout,' 'tragic mistake' and 'painful' john mccain holds little back in describing helsinki",1,Prerana,exaggeration,low point in the history,2,0,2,1.0
0,"'pathetic rout,' 'tragic mistake' and 'painful' john mccain holds little back in describing helsinki",2,Ashrey,exaggeration,No prior president has ever abased himself more abjectly before a tyrant.,2,0,2,1.0
0,"'pathetic rout,' 'tragic mistake' and 'painful' john mccain holds little back in describing helsinki",2,Ashrey,bandwagon,"but speaking for America to the world, our president failed to defend all that makes us who we are a republic of free people",2,0,2,1.0
0,"'pathetic rout,' 'tragic mistake' and 'painful' john mccain holds little back in describing helsinki",2,Ashrey,bandwagon,Americans are waiting and hoping for President Trump to embrace that sacred responsibility. One can only hope they are not waiting totally in vain.,2,0,2,1.0
0,"'pathetic rout,' 'tragic mistake' and 'painful' john mccain holds little back in describing helsinki",2,Aarush,no polarizing language,no polarizing language selected,0,2,2,0.0
0,"'pathetic rout,' 'tragic mistake' and 'painful' john mccain holds little back in describing helsinki",2,Prerana,exaggeration,ions all the more painful and inexplicable,2,0,2,1.0
0,"'pathetic rout,' 'tragic mistake' and 'painful' john mccain holds little back in describing helsinki",2,Prerana,name-calling,es his blunders and capitulations,0,2,2,0.0
0,"'pathetic rout,' 'tragic mistake' and 'painful' john mccain holds little back in describing helsinki",2,Prerana,exaggeration,No prior president has ever abased himself more abjectly before a tyrant.,2,0,2,1.0
0,"'pathetic rout,' 'tragic mistake' and 'painful' john mccain holds little back in describing helsinki",2,Prerana,bandwagon,Americans are waiting and hoping for President Trump to,2,0,2,1.0
1,"trump rips 'horrible' new york times, washington post, wonders if people will 'demand' he stay in white house",0,Ashrey,demonization,"They are both a disgrace to our Country, the Enemy of the People, but I just can't seem to figure out which is worse?",3,0,3,1.0
1,"trump rips 'horrible' new york times, washington post, wonders if people will 'demand' he stay in white house",0,Ashrey,slogans,"news is that at the end of 6 years, after America has been made GREAT again and I leave the beautiful White House",3,0,3,1.0
1,"trump rips 'horrible' new york times, washington post, wonders if people will 'demand' he stay in white house",0,Ashrey,exaggeration,"both of these horrible papers will quickly go out of business & be forever gone,",3,0,3,1.0
1,"trump rips 'horrible' new york times, washington post, wonders if people will 'demand' he stay in white house",0,Aarush,demonization,"hey are both a disgrace to our Country, the Enemy of the People",3,0,3,1.0
1,"trump rips 'horrible' new york times, washington post, wonders if people will 'demand' he stay in white house",0,Prerana,name-calling,more dishonest and deceitful.,1,2,3,0.333333
1,"trump rips 'horrible' new york times, washington post, wonders if people will 'demand' he stay in white house",0,Prerana,name-calling,e Amazon (lobbyist) Washington,3,0,3,1.0
1,"trump rips 'horrible' new york times, washington post, wonders if people will 'demand' he stay in white house",0,Prerana,demonization,"hey are both a disgrace to our Country, the Enemy of the People",3,0,3,1.0
1,"trump rips 'horrible' new york times, washington post, wonders if people will 'demand' he stay in white house",0,Prerana,slogans,America has been made GREAT again,3,0,3,1.0
1,"trump rips 'horrible' new york times, washington post, wonders if people will 'demand' he stay in white house",1,Ashrey,name-calling,the Failing New York Times,2,1,3,0.666667
1,"trump rips 'horrible' new york times, washington post, wonders if people will 'demand' he stay in white house",1,Ashrey,exaggeration,"a virtual act of Treason by a once great paper so desperate for a story, any story, even if bad for our Country",3,0,3,1.0
1,"trump rips 'horrible' new york times, washington post, wonders if people will 'demand' he stay in white house",1,Aarush,demonization,enemy of the peopl,3,0,3,1.0
1,"trump rips 'horrible' new york times, washington post, wonders if people will 'demand' he stay in white house",1,Prerana,bandwagon,"ed if ""people would demand that I stay longer"" to ""k",0,3,3,0.0
1,"trump rips 'horrible' new york times, washington post, wonders if people will 'demand' he stay in white house",1,Prerana,demonization,enemy of the people.,3,0,3,1.0
1,"trump rips 'horrible' new york times, washington post, wonders if people will 'demand' he stay in white house",1,Prerana,demonization,"committed a ""virtual act of treason"" by",2,1,3,0.666667
1,"trump rips 'horrible' new york times, washington post, wonders if people will 'demand' he stay in white house",2,Ashrey,name-calling,The Fake News has never been more dishonest than it is today,3,0,3,1.0
1,"trump rips 'horrible' new york times, washington post, wonders if people will 'demand' he stay in white house",2,Ashrey,doubt,"There new weapon of choice is Fake Polling, sometimes referred to as Suppression Polls (they suppress the numbers)",3,0,3,1.0
1,"trump rips 'horrible' new york times, washington post, wonders if people will 'demand' he stay in white house",2,Aarush,slogans,The Fake News has never been more dishonest than it is today,1,2,3,0.333333
1,"trump rips 'horrible' new york times, washington post, wonders if people will 'demand' he stay in white house",2,Prerana,name-calling,lashed out at the media,1,2,3,0.333333
1,"trump rips 'horrible' new york times, washington post, wonders if people will 'demand' he stay in white house",2,Prerana,exaggeration,The Fake News has never been more dishonest than it is today.,3,0,3,1.0
1,"trump rips 'horrible' new york times, washington post, wonders if people will 'demand' he stay in white house",3,Ashrey,no polarizing language,no polarizing language selected,3,0,3,1.0
1,"trump rips 'horrible' new york times, washington post, wonders if people will 'demand' he stay in white house",3,Aarush,no polarizing language,no polarizing language selected,3,0,3,1.0
1,"trump rips 'horrible' new york times, washington post, wonders if people will 'demand' he stay in white house",3,Prerana,no polarizing language,no polarizing language selected,3,0,3,1.0
1,"trump rips 'horrible' new york times, washington post, wonders if people will 'demand' he stay in white house",3,Prerana,no polarizing language,no polarizing language selected,3,0,3,1.0
1,"trump rips 'horrible' new york times, washington post, wonders if people will 'demand' he stay in white house",3,Prerana,no polarizing language,no polarizing language selected,3,0,3,1.0
2,'Every American is entitled to health care': Sen. Bernie Sanders,0,Ashrey,name-calling,The United States must end the international embarrassment of not guaranteeing health care as a right,2,2,4,0.5
2,'Every American is entitled to health care': Sen. Bernie Sanders,0,Aarush,no polarizing language,no polarizing language selected,1,3,4,0.25
2,'Every American is entitled to health care': Sen. Bernie Sanders,0,Prerana,name-calling,end the international embarrassment of not guarant,2,2,4,0.5
2,'Every American is entitled to health care': Sen. Bernie Sanders,0,Prerana,no polarizing language,no polarizing language selected,1,3,4,0.25
2,'Every American is entitled to health care': Sen. Bernie Sanders,0,Prerana,no polarizing language,no polarizing language selected,1,3,4,0.25
2,'Every American is entitled to health care': Sen. Bernie Sanders,1,Ashrey,demonization,"f you support Medicare for all, you have to be willing to end the greed of the health insurance and pharmaceutical industries",2,1,3,0.666667
2,'Every American is entitled to health care': Sen. Bernie Sanders,1,Ashrey,doubt,That means boldly transforming our dysfunctional system by ending the use of private health insurance,2,1,3,0.666667
2,'Every American is entitled to health care': Sen. Bernie Sanders,1,Ashrey,slogans,guarantee health care as a human right,2,1,3,0.666667
2,'Every American is entitled to health care': Sen. Bernie Sanders,1,Ashrey,demonization,no longer private corporations to make billions of dollars in profits off Americans' health care.,2,1,3,0.666667
2,'Every American is entitled to health care': Sen. Bernie Sanders,1,Aarush,no polarizing language,no polarizing language selected,0,3,3,0.0
2,'Every American is entitled to health care': Sen. Bernie Sanders,1,Prerana,demonization,be willing to end the greed of the health insurance,2,1,3,0.666667
2,'Every American is entitled to health care': Sen. Bernie Sanders,1,Prerana,slogans,guarantee health care as a human right,2,1,3,0.666667
2,'Every American is entitled to health care': Sen. Bernie Sanders,1,Prerana,exaggeration,"make billions of dollars in profits off Americans' health care.""",1,2,3,0.333333
2,'Every American is entitled to health care': Sen. Bernie Sanders,2,Ashrey,no polarizing language,no polarizing language selected,2,1,3,0.666667
2,'Every American is entitled to health care': Sen. Bernie Sanders,2,Aarush,no polarizing language,no polarizing language selected,2,1,3,0.666667
2,'Every American is entitled to health care': Sen. Bernie Sanders,2,Prerana,exaggeration,are crazy and wild and extreme a,1,2,3,0.333333
2,'Every American is entitled to health care': Sen. Bernie Sanders,2,Prerana,casual oversimplification,e got to talk to the needs of the working class of this count,1,2,3,0.333333
2,'Every American is entitled to health care': Sen. Bernie Sanders,2,Prerana,bandwagon,verybody said our ideas are crazy,1,2,3,0.333333
3,Protesters Want All Philadelphia Police Officers Connected To Alleged Racist Social Media Posts To Be Removed From Streets,0,Ashrey,no polarizing language,no polarizing language selected,0,4,4,0.0
3,Protesters Want All Philadelphia Police Officers Connected To Alleged Racist Social Media Posts To Be Removed From Streets,0,Aarush,no polarizing language,no polarizing language selected,0,4,4,0.0
3,Protesters Want All Philadelphia Police Officers Connected To Alleged Racist Social Media Posts To Be Removed From Streets,0,Prerana,casual oversimplification,the scandal connected to a number of police officers.,1,2,3,0.333333
3,Protesters Want All Philadelphia Police Officers Connected To Alleged Racist Social Media Posts To Be Removed From Streets,0,Prerana,name-calling,"gs on the racist police who posted on Facebook,""",3,0,3,1.0
3,Protesters Want All Philadelphia Police Officers Connected To Alleged Racist Social Media Posts To Be Removed From Streets,1,Ashrey,slogans,Get Them Off The Streets,3,0,3,1.0
3,Protesters Want All Philadelphia Police Officers Connected To Alleged Racist Social Media Posts To Be Removed From Streets,1,Aarush,casual oversimplification,involved in this scandal are removed,1,2,3,0.333333
3,Protesters Want All Philadelphia Police Officers Connected To Alleged Racist Social Media Posts To Be Removed From Streets,1,Prerana,exaggeration,ey won't be satisfied until all officers involved in this scandal are removed from the streets.,2,1,3,0.666667
3,Protesters Want All Philadelphia Police Officers Connected To Alleged Racist Social Media Posts To Be Removed From Streets,1,Prerana,slogans,Get Them Off The Streets':,3,0,3,1.0
3,Protesters Want All Philadelphia Police Officers Connected To Alleged Racist Social Media Posts To Be Removed From Streets,1,Prerana,bandwagon,e group wants city council to intervene on the heels of Philadelphia,1,2,3,0.333333
3,Protesters Want All Philadelphia Police Officers Connected To Alleged Racist Social Media Posts To Be Removed From Streets,1,Prerana,scapegoating,ake certain that the police that do not want to police our community are removed,1,2,3,0.333333
3,Protesters Want All Philadelphia Police Officers Connected To Alleged Racist Social Media Posts To Be Removed From Streets,2,Ashrey,no polarizing language,no polarizing language selected,3,0,3,1.0
3,Protesters Want All Philadelphia Police Officers Connected To Alleged Racist Social Media Posts To Be Removed From Streets,2,Aarush,no polarizing language,no polarizing language selected,3,0,3,1.0
3,Protesters Want All Philadelphia Police Officers Connected To Alleged Racist Social Media Posts To Be Removed From Streets,2,Prerana,exaggeration,level of violence that's occurring in the city,0,3,3,0.0
3,Protesters Want All Philadelphia Police Officers Connected To Alleged Racist Social Media Posts To Be Removed From Streets,2,Prerana,doubt,"ws. We think the investigation is far too broad.""",1,2,3,0.333333
3,Protesters Want All Philadelphia Police Officers Connected To Alleged Racist Social Media Posts To Be Removed From Streets,2,Prerana,exaggeration,"ore officers that are taken off the streets, the more vulnerable the city becomes to",2,1,3,0.666667
4,the latest: nadler says panel will move quickly on mcgahn,0,Ashrey,no polarizing language,no polarizing language selected,2,2,4,0.5
4,the latest: nadler says panel will move quickly on mcgahn,0,Aarush,no polarizing language,no polarizing language selected,2,2,4,0.5
4,the latest: nadler says panel will move quickly on mcgahn,0,Prerana,demonization,ainst witnesses who defy subpoenas,1,2,3,0.333333
4,the latest: nadler says panel will move quickly on mcgahn,1,Ashrey,no polarizing language,no polarizing language selected,2,1,3,0.666667
4,the latest: nadler says panel will move quickly on mcgahn,1,Aarush,no polarizing language,no polarizing language selected,2,1,3,0.666667
4,the latest: nadler says panel will move quickly on mcgahn,1,Prerana,doubt,ed answers on the questions left unanswered,2,1,3,0.666667
4,the latest: nadler says panel will move quickly on mcgahn,1,Prerana,exaggeration,"ying ""it's not even close""",0,3,3,0.0
4,the latest: nadler says panel will move quickly on mcgahn,2,Ashrey,name-calling,"He called her ""Nervous Nancy""",3,0,3,1.0
4,the latest: nadler says panel will move quickly on mcgahn,2,Aarush,no polarizing language,no polarizing language selected,0,3,3,0.0
4,the latest: nadler says panel will move quickly on mcgahn,2,Prerana,name-calling,"d her ""Nervous Nancy"" after it was reported she privately told De",3,0,3,1.0
4,the latest: nadler says panel will move quickly on mcgahn,3,Ashrey,no polarizing language,no polarizing language selected,3,0,3,1.0
4,the latest: nadler says panel will move quickly on mcgahn,3,Aarush,no polarizing language,no polarizing language selected,3,0,3,1.0
4,the latest: nadler says panel will move quickly on mcgahn,3,Prerana,no polarizing language,no polarizing language selected,3,0,3,1.0
5,'WE ARE LIVID!': Mural Honoring Philadelphia Police Officer Killed In Line Of Duty Vandalized,0,Aarush,no polarizing language,no polarizing language selected,0,3,3,0.0
5,'WE ARE LIVID!': Mural Honoring Philadelphia Police Officer Killed In Line Of Duty Vandalized,0,Ashrey,name-calling,"It's sickening and disgusting that some low-life would deface the mural of hero and fallen-officer, Robert Wilson III,",3,0,3,1.0
5,'WE ARE LIVID!': Mural Honoring Philadelphia Police Officer Killed In Line Of Duty Vandalized,0,Prerana,name-calling,'I'm Disgusted': Family Of Murdered Philadelphia Police Sgt,0,3,3,0.0
5,'WE ARE LIVID!': Mural Honoring Philadelphia Police Officer Killed In Line Of Duty Vandalized,0,Prerana,name-calling,'s sickening and disgusting that some low-life would deface,3,0,3,1.0
5,'WE ARE LIVID!': Mural Honoring Philadelphia Police Officer Killed In Line Of Duty Vandalized,0,Prerana,exaggeration,"f hero and fallen-officer,",3,0,3,1.0
5,'WE ARE LIVID!': Mural Honoring Philadelphia Police Officer Killed In Line Of Duty Vandalized,1,Aarush,scapegoating,he DA of this city set this tone of disrespect for the city,3,0,3,1.0
5,'WE ARE LIVID!': Mural Honoring Philadelphia Police Officer Killed In Line Of Duty Vandalized,1,Ashrey,doubt,"this is a racial slur against the police, or if it's a slur because they want this neighborhood back, but there's something going on",3,0,3,1.0
5,'WE ARE LIVID!': Mural Honoring Philadelphia Police Officer Killed In Line Of Duty Vandalized,1,Ashrey,demonization,"If the DA, top persecutor of this city, can tarnish the efforts and life of a slain officer while backing criminals then,",3,0,3,1.0
5,'WE ARE LIVID!': Mural Honoring Philadelphia Police Officer Killed In Line Of Duty Vandalized,1,Ashrey,bandwagon,why should any other layman warrant any real respect and keep their memory alive?,2,1,3,0.666667
5,'WE ARE LIVID!': Mural Honoring Philadelphia Police Officer Killed In Line Of Duty Vandalized,1,Prerana,doubt,know if this is a racial slur against the police,2,1,3,0.666667
5,'WE ARE LIVID!': Mural Honoring Philadelphia Police Officer Killed In Line Of Duty Vandalized,1,Prerana,exaggeration,orance and disrespect shown toward police is at an al,2,1,3,0.666667
5,'WE ARE LIVID!': Mural Honoring Philadelphia Police Officer Killed In Line Of Duty Vandalized,1,Prerana,name-calling,Learning of the blatant disrespect that has been repeatedly,0,3,3,0.0
5,'WE ARE LIVID!': Mural Honoring Philadelphia Police Officer Killed In Line Of Duty Vandalized,1,Prerana,slogans,"WE ARE LIVID! One year ago,",2,1,3,0.666667
5,'WE ARE LIVID!': Mural Honoring Philadelphia Police Officer Killed In Line Of Duty Vandalized,1,Prerana,demonization,"while backing criminals then, why should any other",2,1,3,0.666667
5,'WE ARE LIVID!': Mural Honoring Philadelphia Police Officer Killed In Line Of Duty Vandalized,2,Aarush,casual oversimplification,as the consequences of such are as minuscule as a slap on the wrist.,3,0,3,1.0
5,'WE ARE LIVID!': Mural Honoring Philadelphia Police Officer Killed In Line Of Duty Vandalized,2,Ashrey,no polarizing language,no polarizing language selected,0,3,3,0.0
5,'WE ARE LIVID!': Mural Honoring Philadelphia Police Officer Killed In Line Of Duty Vandalized,2,Prerana,demonization,the shaming and defacement of Sgt. Wilson's mural.,1,2,3,0.333333
5,'WE ARE LIVID!': Mural Honoring Philadelphia Police Officer Killed In Line Of Duty Vandalized,2,Prerana,exaggeration,h are as minuscule as a slap on the wrist.,3,0,3,1.0
6,george conway urges trump to resign over aborted iran strike,0,Ashrey,doubt,Trump didn't realize UNTIL TEN MINUTES BEFOREHAND that a planned airstrike would kill over a hundred people,3,0,3,1.0
6,george conway urges trump to resign over aborted iran strike,0,Ashrey,name-calling,"Resign. If you didn't know this until it was almost too late, you're even more of an idiot than people think you are",3,0,3,1.0
6,george conway urges trump to resign over aborted iran strike,0,Ashrey,doubt,"Do the country and the world a favor. Go back to real estate, where the worst you can do is kill banks.",2,1,3,0.666667
6,george conway urges trump to resign over aborted iran strike,0,Ashrey,doubt,Trump didn't realize UNTIL TEN MINUTES BEFOREHAND that a planned airstrike would kill over a hundred people,3,0,3,1.0
6,george conway urges trump to resign over aborted iran strike,0,Ashrey,doubt,"To say this is amateur hour would defame amateurs.""",3,0,3,1.0
6,george conway urges trump to resign over aborted iran strike,0,Aarush,exaggeration,George Conway blasted President Trum,3,0,3,1.0
6,george conway urges trump to resign over aborted iran strike,0,Prerana,name-calling,ay blasted President Trump and called for hi,0,3,3,0.0
6,george conway urges trump to resign over aborted iran strike,0,Prerana,name-calling,o say this is amateur hour would defame amateurs.,3,0,3,1.0
6,george conway urges trump to resign over aborted iran strike,0,Prerana,slogans,Do the country and the world a favor,1,2,3,0.333333
6,george conway urges trump to resign over aborted iran strike,0,Prerana,exaggeration,ould therefore be grossly disproportionate t,2,1,3,0.666667
6,george conway urges trump to resign over aborted iran strike,1,Ashrey,name-calling,"If you didn't know this until it was almost too late, you're even more of an idiot than people think you are.",3,0,3,1.0
6,george conway urges trump to resign over aborted iran strike,1,Ashrey,doubt,To say this is amateur hour would defame amateurs,1,2,3,0.333333
6,george conway urges trump to resign over aborted iran strike,1,Aarush,no polarizing language,no polarizing language selected,3,0,3,1.0
6,george conway urges trump to resign over aborted iran strike,1,Prerana,name-calling,To say this is amateur hour would defame amateurs,2,1,3,0.666667
6,george conway urges trump to resign over aborted iran strike,1,Prerana,name-calling,", you're even more of an idiot than people think you are",3,0,3,1.0
6,george conway urges trump to resign over aborted iran strike,1,Prerana,demonization,"Go back to real estate, where the worst yo",0,3,3,0.0
6,george conway urges trump to resign over aborted iran strike,1,Prerana,exaggeration,"cocked and loaded"" to retaliate against Iran",1,2,3,0.333333
6,george conway urges trump to resign over aborted iran strike,1,Prerana,exaggeration,cocked & loaded to retaliate last night on 3 different sights,1,2,3,0.333333
6,george conway urges trump to resign over aborted iran strike,2,Ashrey,no polarizing language,no polarizing language selected,3,0,3,1.0
6,george conway urges trump to resign over aborted iran strike,2,Aarush,no polarizing language,no polarizing language selected,3,0,3,1.0
6,george conway urges trump to resign over aborted iran strike,2,Prerana,demonization,"m in an ""unprovoked attack.",0,3,3,0.0
6,george conway urges trump to resign over aborted iran strike,3,Ashrey,demonization,"""erratic, unstable, incompetent, ignorant, intellectually lazy, narcissistic, and sociopathic man whose judgment no serious, intelligent person trusts",3,0,3,1.0
6,george conway urges trump to resign over aborted iran strike,3,Aarush,exaggeration,slamming the commander in chief,2,1,3,0.666667
6,george conway urges trump to resign over aborted iran strike,3,Prerana,name-calling,"n chief as an ""erratic, unstable, incompetent, ignorant, intellectually lazy, narcissistic, and sociopathic man",3,0,3,1.0
6,george conway urges trump to resign over aborted iran strike,3,Aarush,bandwagon,"whose judgment no serious, intelligent person trusts",2,1,3,0.666667
7,Did Jared Kushner Violate the Hatch Act? Democrats Request Investigation After Kellyanne Conway Findings,0,Ashrey,no polarizing language,no polarizing language selected,2,1,3,0.666667
7,Did Jared Kushner Violate the Hatch Act? Democrats Request Investigation After Kellyanne Conway Findings,0,Aarush,no polarizing language,no polarizing language selected,2,1,3,0.666667
7,Did Jared Kushner Violate the Hatch Act? Democrats Request Investigation After Kellyanne Conway Findings,0,Prerana,doubt,Democratic congressman on Monday to demand an investigation into whether the president's son-in-law Jared Kushner similarly broke federal law.,3,0,3,1.0
7,Did Jared Kushner Violate the Hatch Act? Democrats Request Investigation After Kellyanne Conway Findings,1,Ashrey,demonization,benefited from special treatment; as with his many deceptions regarding his security clearance this is something no rank-and-file federal employee would get away with,2,1,3,0.666667
7,Did Jared Kushner Violate the Hatch Act? Democrats Request Investigation After Kellyanne Conway Findings,1,Aarush,no polarizing language,no polarizing language selected,0,3,3,0.0
7,Did Jared Kushner Violate the Hatch Act? Democrats Request Investigation After Kellyanne Conway Findings,1,Prerana,no polarizing language,no polarizing language selected,0,3,3,0.0
7,Did Jared Kushner Violate the Hatch Act? Democrats Request Investigation After Kellyanne Conway Findings,1,Prerana,doubt,"Kushner's ""poor track record of compliance with the spirit of the Hatch Act,",2,1,3,0.666667
7,Did Jared Kushner Violate the Hatch Act? Democrats Request Investigation After Kellyanne Conway Findings,1,Prerana,name-calling,Jared Kushner has repeatedly benefited from special treatment,1,2,3,0.333333
7,Did Jared Kushner Violate the Hatch Act? Democrats Request Investigation After Kellyanne Conway Findings,1,Prerana,doubt,We have strong reason to believe that Jared Kushner is in violation of both the spirit and the letter,3,0,3,1.0
7,Did Jared Kushner Violate the Hatch Act? Democrats Request Investigation After Kellyanne Conway Findings,2,Ashrey,no polarizing language,no polarizing language selected,0,3,3,0.0
7,Did Jared Kushner Violate the Hatch Act? Democrats Request Investigation After Kellyanne Conway Findings,2,Aarush,no polarizing language,no polarizing language selected,0,3,3,0.0
7,Did Jared Kushner Violate the Hatch Act? Democrats Request Investigation After Kellyanne Conway Findings,2,Prerana,demonization,mp 'ÄãDonald Trump's Refusal to Fire Kellyanne Conway is 'Dangerous' and She Should Resign:,2,1,3,0.666667
7,Did Jared Kushner Violate the Hatch Act? Democrats Request Investigation After Kellyanne Conway Findings,2,Prerana,casual oversimplification,"""it looks to me like they're trying to take away her right to free speech and that's just not fair.",3,0,3,1.0
7,Did Jared Kushner Violate the Hatch Act? Democrats Request Investigation After Kellyanne Conway Findings,2,Prerana,name-calling,Jared Kushner lied on his SF-86 form and must lose his security clearance,0,5,5,0.0
7,Did Jared Kushner Violate the Hatch Act? Democrats Request Investigation After Kellyanne Conway Findings,2,Prerana,no polarizing language,no polarizing language selected,0,3,3,0.0
8,"ron desantis signs amendment 4 bill, limiting felon voting",0,Ashrey,no polarizing language,no polarizing language selected,3,0,3,1.0
8,"ron desantis signs amendment 4 bill, limiting felon voting",0,Aarush,no polarizing language,no polarizing language selected,3,0,3,1.0
8,"ron desantis signs amendment 4 bill, limiting felon voting",0,Prerana,exaggeration,undercutting much of the promise of last year's historic Am,1,2,3,0.333333
8,"ron desantis signs amendment 4 bill, limiting felon voting",0,Prerana,name-calling,"ublican-controlled Legislature was called a ""poll tax"" by critics",2,1,3,0.666667
8,"ron desantis signs amendment 4 bill, limiting felon voting",0,Prerana,exaggeration,nfranchise hundreds of thousands of felons,1,2,3,0.333333
8,"ron desantis signs amendment 4 bill, limiting felon voting",1,Ashrey,no polarizing language,no polarizing language selected,3,0,3,1.0
8,"ron desantis signs amendment 4 bill, limiting felon voting",1,Aarush,no polarizing language,no polarizing language selected,3,0,3,1.0
8,"ron desantis signs amendment 4 bill, limiting felon voting",1,Prerana,name-calling,out one of the most racist and enduring policie,2,1,3,0.666667
8,"ron desantis signs amendment 4 bill, limiting felon voting",1,Prerana,no polarizing language,no polarizing language selected,3,0,3,1.0
8,"ron desantis signs amendment 4 bill, limiting felon voting",2,Ashrey,no polarizing language,no polarizing language selected,3,0,3,1.0
8,"ron desantis signs amendment 4 bill, limiting felon voting",2,Aarush,no polarizing language,no polarizing language selected,3,0,3,1.0
8,"ron desantis signs amendment 4 bill, limiting felon voting",2,Prerana,no polarizing language,no polarizing language selected,3,0,3,1.0
8,"ron desantis signs amendment 4 bill, limiting felon voting",3,Ashrey,no polarizing language,no polarizing language selected,3,0,3,1.0
8,"ron desantis signs amendment 4 bill, limiting felon voting",3,Aarush,no polarizing language,no polarizing language selected,3,0,3,1.0
8,"ron desantis signs amendment 4 bill, limiting felon voting",3,Prerana,name-calling,Republicans' approach is confusing and expensive.,0,4,4,0.0
9,"senate confirms judge who attacked roe v. wade, called being transgender 'a delusion'",0,Ashrey,no polarizing language,no polarizing language selected,3,0,3,1.0
9,"senate confirms judge who attacked roe v. wade, called being transgender 'a delusion'",0,Aarush,no polarizing language,no polarizing language selected,3,0,3,1.0
9,"senate confirms judge who attacked roe v. wade, called being transgender 'a delusion'",0,Prerana,name-calling,his record of hostility toward LGBTQ,1,2,3,0.333333
9,"senate confirms judge who attacked roe v. wade, called being transgender 'a delusion'",0,Prerana,exaggeration,ore than a year because of his extreme views on,0,3,3,0.0
9,"senate confirms judge who attacked roe v. wade, called being transgender 'a delusion'",0,Prerana,exaggeration,"omen Act ""a grave mistake.",2,1,3,0.666667
9,"senate confirms judge who attacked roe v. wade, called being transgender 'a delusion'",0,Prerana,casual oversimplification,"Kacsmaryk called the law "" a bad idea """,1,2,3,0.333333
9,"senate confirms judge who attacked roe v. wade, called being transgender 'a delusion'",1,Ashrey,demonization,"He signed a 2016 letter that called being transgender ""a delusion.""",3,0,3,1.0
9,"senate confirms judge who attacked roe v. wade, called being transgender 'a delusion'",1,Ashrey,doubt,What?) Senate Minority Leader Chuck Schumer (D-N.Y.) wondered aloud how anyone could expect Kacsmaryk to be a fair and impartial judge,3,0,3,1.0
9,"senate confirms judge who attacked roe v. wade, called being transgender 'a delusion'",1,Ashrey,demonization,"unconstrained by nature or biology, and that marriage, sexuality, gender identity, and even the unborn child must yield to the erotic desires of liberated adults",3,0,3,1.0
9,"senate confirms judge who attacked roe v. wade, called being transgender 'a delusion'",1,Aarush,doubt,wondered aloud how anyone could expect Kacsmaryk to be a fair and impartial judge.,3,0,3,1.0
9,"senate confirms judge who attacked roe v. wade, called being transgender 'a delusion'",1,Prerana,name-calling,"alled being transgender ""a delusion.""",1,2,3,0.333333
9,"senate confirms judge who attacked roe v. wade, called being transgender 'a delusion'",1,Prerana,demonization,", a celestial phenomenon invisible to the non-lawyer eye.""",0,3,3,0.0
9,"senate confirms judge who attacked roe v. wade, called being transgender 'a delusion'",1,Prerana,name-calling,ted bizarre comments Kacsmaryk ha,0,3,3,0.0
9,"senate confirms judge who attacked roe v. wade, called being transgender 'a delusion'",1,Prerana,demonization,"autonomous blob of Silly Putty, unconstrained by nature or biology",2,1,3,0.666667
9,"senate confirms judge who attacked roe v. wade, called being transgender 'a delusion'",2,Ashrey,doubt,"sounds like a lot of President Donald Trump's other judicial nominees young, right-wing ideologues , the vast majority of whom are white men",3,0,3,1.0
9,"senate confirms judge who attacked roe v. wade, called being transgender 'a delusion'",2,Aarush,no polarizing language,no polarizing language selected,0,3,3,0.0
9,"senate confirms judge who attacked roe v. wade, called being transgender 'a delusion'",2,Prerana,name-calling,drape black robes over these bigoted views?,2,1,3,0.666667
9,"senate confirms judge who attacked roe v. wade, called being transgender 'a delusion'",2,Prerana,name-calling,"a right-wing Christian advocacy group, sounds like",3,0,3,1.0
9,"senate confirms judge who attacked roe v. wade, called being transgender 'a delusion'",2,Prerana,exaggeration,He is one of Trump's most extreme nominees,2,1,3,0.666667
9,"senate confirms judge who attacked roe v. wade, called being transgender 'a delusion'",2,Prerana,demonization,selection process and funneling anti-abortion and anti-LGBTQ,2,1,3,0.666667
9,"senate confirms judge who attacked roe v. wade, called being transgender 'a delusion'",3,Ashrey,no polarizing language,no polarizing language selected,3,0,3,1.0
9,"senate confirms judge who attacked roe v. wade, called being transgender 'a delusion'",3,Aarush,no polarizing language,no polarizing language selected,3,0,3,1.0
9,"senate confirms judge who attacked roe v. wade, called being transgender 'a delusion'",3,Prerana,exaggeration,That's more circuit judges than any president has gotten through by this point in a first term.,1,2,3,0.333333
10,"editorial: six months after california's landmark police transparency law, many agencies still won't release their records",0,Ashrey,demonization,But the biggest thing we've learned is that many police departments believe that compliance with the law is optiona,2,1,3,0.666667
10,"editorial: six months after california's landmark police transparency law, many agencies still won't release their records",0,Ashrey,casual oversimplification,"But the public has the right to know about these very serious events, which is why it was so important to pass SB1421.",2,1,3,0.666667
10,"editorial: six months after california's landmark police transparency law, many agencies still won't release their records",0,Aarush,no polarizing language,no polarizing language selected,0,3,3,0.0
10,"editorial: six months after california's landmark police transparency law, many agencies still won't release their records",0,Prerana,casual oversimplification,we've learned is that many police departments believe that compliance with the law is optional,1,2,3,0.333333
10,"editorial: six months after california's landmark police transparency law, many agencies still won't release their records",0,Prerana,exaggeration,police departments are resisting compliance,1,2,3,0.333333
10,"editorial: six months after california's landmark police transparency law, many agencies still won't release their records",1,Ashrey,doubt,"""Law enforcement in San Francisco is deliberately sandbagging the release of these records,""",2,1,3,0.666667
10,"editorial: six months after california's landmark police transparency law, many agencies still won't release their records",1,Ashrey,bandwagon,"This is lawless conduct, and it's depriving the public from the right to know about the activities of police in their communities",3,0,3,1.0
10,"editorial: six months after california's landmark police transparency law, many agencies still won't release their records",1,Aarush,no polarizing language,no polarizing language selected,0,3,3,0.0
10,"editorial: six months after california's landmark police transparency law, many agencies still won't release their records",1,Prerana,name-calling,Law enforcement in San Francisco is deliberately sandbagging the release of these records,1,2,3,0.333333
10,"editorial: six months after california's landmark police transparency law, many agencies still won't release their records",1,Prerana,slogans,This is lawless conduct,1,2,3,0.333333
10,"editorial: six months after california's landmark police transparency law, many agencies still won't release their records",2,Ashrey,demonization,"Becerra's obvious bias toward the police groups could prove an obstacle, too.",3,0,3,1.0
10,"editorial: six months after california's landmark police transparency law, many agencies still won't release their records",2,Aarush,no polarizing language,no polarizing language selected,0,3,3,0.0
10,"editorial: six months after california's landmark police transparency law, many agencies still won't release their records",2,Prerana,doubt,groups have had a powerful champion in their attempts to deny the public thi,2,1,3,0.666667
10,"editorial: six months after california's landmark police transparency law, many agencies still won't release their records",2,Prerana,name-calling,"Becerra's obvious bias toward the police groups could prove an obstacle, too.",0,3,3,0.0
10,"editorial: six months after california's landmark police transparency law, many agencies still won't release their records",3,Ashrey,bandwagon,The passage of SB1421 was a hard-fought battle to give the public transparency about police misconduct in their communities.,3,0,3,1.0
10,"editorial: six months after california's landmark police transparency law, many agencies still won't release their records",3,Ashrey,slogans,No one least of all the agencies that have sworn to protect and serve the public should be allowed to thwart the law.,2,1,3,0.666667
10,"editorial: six months after california's landmark police transparency law, many agencies still won't release their records",3,Aarush,no polarizing language,no polarizing language selected,3,0,3,1.0
10,"editorial: six months after california's landmark police transparency law, many agencies still won't release their records",3,Prerana,demonization,all the agencies that have sworn to protect and serve the public should be allowed to thwart the law.,0,3,3,0.0
11,BuzzFeed Journalists Protest in Push for Union Recognition,0,Ashrey,slogans,Recognize the BuzzFeed Union!!,2,1,3,0.666667
11,BuzzFeed Journalists Protest in Push for Union Recognition,0,Aarush,no polarizing language,no polarizing language selected,3,0,3,1.0
11,BuzzFeed Journalists Protest in Push for Union Recognition,0,Prerana,slogans,"Recognize the BuzzFeed Union!!""",2,1,3,0.666667
11,BuzzFeed Journalists Protest in Push for Union Recognition,0,Prerana,name-calling,also a giant inflatable rat -- a common form of protest by striking trade unions,2,1,3,0.666667
11,BuzzFeed Journalists Protest in Push for Union Recognition,0,Prerana,doubt,a question that unions and companies frequently spar over.,1,2,3,0.333333
11,BuzzFeed Journalists Protest in Push for Union Recognition,1,Ashrey,no polarizing language,no polarizing language selected,3,0,3,1.0
11,BuzzFeed Journalists Protest in Push for Union Recognition,1,Aarush,no polarizing language,no polarizing language selected,3,0,3,1.0
11,BuzzFeed Journalists Protest in Push for Union Recognition,1,Prerana,exaggeration,"unfair pay disparities, mismanaged pivots and layoffs, weak benefits, skyrocketing health insurance costs, diversity, and more",2,1,3,0.666667
11,BuzzFeed Journalists Protest in Push for Union Recognition,1,Prerana,doubt,"xclude workers they claim are managerial, supervisory or confidential despite",1,2,3,0.333333
11,BuzzFeed Journalists Protest in Push for Union Recognition,1,Prerana,name-calling,seeking to impose additional demands that threaten our progress around voluntary recognitio,0,3,3,0.0
11,BuzzFeed Journalists Protest in Push for Union Recognition,2,Ashrey,exaggeration,once the darlings of the media industry,3,0,3,1.0
11,BuzzFeed Journalists Protest in Push for Union Recognition,2,Aarush,no polarizing language,no polarizing language selected,0,3,3,0.0
11,BuzzFeed Journalists Protest in Push for Union Recognition,2,Prerana,name-calling,once the darlings of the media industry,3,0,3,1.0
11,BuzzFeed Journalists Protest in Push for Union Recognition,2,Prerana,exaggeration,once the darlings of the media industry,3,0,3,1.0
11,BuzzFeed Journalists Protest in Push for Union Recognition,2,Prerana,casual oversimplification,"While that hasn't prevented layoffs, it has in some cases cushioned the blow.",1,2,3,0.333333
11,BuzzFeed Journalists Protest in Push for Union Recognition,2,Prerana,bandwagon,The tumult has led journalists at several media outlets to opt for collective bargaining.,0,3,3,0.0
12,DC mayor says Trump's Fourth of July celebration emptied security fund,0,Ashrey,no polarizing language,no polarizing language selected,3,0,3,1.0
12,DC mayor says Trump's Fourth of July celebration emptied security fund,0,Aarush,no polarizing language,no polarizing language selected,3,0,3,1.0
12,DC mayor says Trump's Fourth of July celebration emptied security fund,0,Prerana,exaggeration,"ves, increased demand for heightened security, and a one-time draw down of $7.3 million",1,2,3,0.333333
12,DC mayor says Trump's Fourth of July celebration emptied security fund,0,Prerana,exaggeration,ests has emptied out a municipal fund us,1,2,3,0.333333
12,DC mayor says Trump's Fourth of July celebration emptied security fund,0,Prerana,demonization,events and defend against terrorist threats,1,2,3,0.333333
12,DC mayor says Trump's Fourth of July celebration emptied security fund,0,Prerana,exaggeration,"declining reserves, increased demand for heightened security, and a one-time draw down o",1,2,3,0.333333
12,DC mayor says Trump's Fourth of July celebration emptied security fund,1,Ashrey,no polarizing language,no polarizing language selected,2,1,3,0.666667
12,DC mayor says Trump's Fourth of July celebration emptied security fund,1,Aarush,no polarizing language,no polarizing language selected,2,1,3,0.666667
12,DC mayor says Trump's Fourth of July celebration emptied security fund,1,Prerana,slogans,Nothing America cannot do':,3,0,3,1.0
12,DC mayor says Trump's Fourth of July celebration emptied security fund,1,Prerana,slogans,More: 'This says something':,0,3,3,0.0
12,DC mayor says Trump's Fourth of July celebration emptied security fund,1,Prerana,doubt,'Are you proud to be an American?' Why Trump's 4th of July was a tale of three different celebrations,1,2,3,0.333333
12,DC mayor says Trump's Fourth of July celebration emptied security fund,2,Ashrey,name-calling,"Demonstrators brought along a ""Baby Trump"" balloon",1,2,3,0.333333
12,DC mayor says Trump's Fourth of July celebration emptied security fund,2,Ashrey,name-calling,"""Dump Trump"" robot to protest the president",3,0,3,1.0
12,DC mayor says Trump's Fourth of July celebration emptied security fund,2,Aarush,no polarizing language,no polarizing language selected,3,0,3,1.0
12,DC mayor says Trump's Fourth of July celebration emptied security fund,2,Prerana,name-calling,"Baby Trump"" balloon and a ""Dump Trump"" r",3,0,3,1.0
12,DC mayor says Trump's Fourth of July celebration emptied security fund,2,Prerana,name-calling,More: Far-right extremists Proud Boys ou,2,1,3,0.666667
12,DC mayor says Trump's Fourth of July celebration emptied security fund,2,Prerana,exaggeration,DC mayor says Trump's Fourth of July celebration emptied,1,2,3,0.333333
12,DC mayor says Trump's Fourth of July celebration emptied security fund,2,Prerana,exaggeration,y Some protests grew more heated.,1,2,3,0.333333
13,Protest in Madrid as conservatives suspend ban on most polluting cars,0,Ashrey,slogans,"""I want to breathe free"" and ""We aspire to have a Madrid without smoke""",3,0,3,1.0
13,Protest in Madrid as conservatives suspend ban on most polluting cars,0,Aarush,no polarizing language,no polarizing language selected,0,3,3,0.0
13,Protest in Madrid as conservatives suspend ban on most polluting cars,0,Prerana,slogans,"We aspire to have a Madrid without smoke"".",3,0,3,1.0
13,Protest in Madrid as conservatives suspend ban on most polluting cars,0,Prerana,slogans,"""Yes we can, I do want Madrid central",1,2,3,0.333333
13,Protest in Madrid as conservatives suspend ban on most polluting cars,0,Prerana,slogans,I want to breathe free,3,0,3,1.0
13,Protest in Madrid as conservatives suspend ban on most polluting cars,0,Prerana,slogans,"We aspire to have a Madrid without smoke"".",3,0,3,1.0
13,Protest in Madrid as conservatives suspend ban on most polluting cars,1,Ashrey,no polarizing language,no polarizing language selected,2,1,3,0.666667
13,Protest in Madrid as conservatives suspend ban on most polluting cars,1,Aarush,no polarizing language,no polarizing language selected,2,1,3,0.666667
13,Protest in Madrid as conservatives suspend ban on most polluting cars,1,Prerana,no polarizing language,no polarizing language selected,2,1,3,0.666667
13,Protest in Madrid as conservatives suspend ban on most polluting cars,1,Prerana,bandwagon,People of all ages rallied despite a scorching heatwave in Spain and most of Europe,1,2,3,0.333333
13,Protest in Madrid as conservatives suspend ban on most polluting cars,2,Ashrey,no polarizing language,no polarizing language selected,3,0,3,1.0
13,Protest in Madrid as conservatives suspend ban on most polluting cars,2,Aarush,no polarizing language,no polarizing language selected,3,0,3,1.0
13,Protest in Madrid as conservatives suspend ban on most polluting cars,2,Prerana,no polarizing language,no polarizing language selected,3,0,3,1.0
13,Protest in Madrid as conservatives suspend ban on most polluting cars,2,Prerana,no polarizing language,no polarizing language selected,3,0,3,1.0
14,tutankhamun sculpture's london auction sparks egyptian outcry,0,Ashrey,no polarizing language,no polarizing language selected,3,0,3,1.0
14,tutankhamun sculpture's london auction sparks egyptian outcry,0,"I tagged the phrase ""his rule would have probably passed without notice"" because it overcredits the British for finding the tomb.",no polarizing language,no polarizing language selected,3,0,3,1.0
14,tutankhamun sculpture's london auction sparks egyptian outcry,0,Prerana,name-calling,goes under the hammer this week,0,3,3,0.0
14,tutankhamun sculpture's london auction sparks egyptian outcry,0,Prerana,exaggeration,hiselled head -- its serene eyes and puffed lips,1,2,3,0.333333
14,tutankhamun sculpture's london auction sparks egyptian outcry,0,Prerana,exaggeration,y's unparalleled collection of antiquities wan,1,2,3,0.333333
14,tutankhamun sculpture's london auction sparks egyptian outcry,1,Ashrey,doubt,"""The owners have given false information,"" he said in a telephone interview. ""They have not shown any legal papers to prove its ownership.""",3,0,3,1.0
14,tutankhamun sculpture's london auction sparks egyptian outcry,1,"I tagged the phrase ""his rule would have probably passed without notice"" because it overcredits the British for finding the tomb.",no polarizing language,no polarizing language selected,0,3,3,0.0
14,tutankhamun sculpture's london auction sparks egyptian outcry,1,Prerana,doubt,hey have not shown any legal papers to prove its ownership.,3,0,3,1.0
14,tutankhamun sculpture's london auction sparks egyptian outcry,1,Prerana,doubt,and little is known to the public about how the statue found its way to Europe,3,0,3,1.0
14,tutankhamun sculpture's london auction sparks egyptian outcry,1,Prerana,exaggeration,". ""It is hugely important to establish recent ownership and legal right to s",0,3,3,0.0
14,tutankhamun sculpture's london auction sparks egyptian outcry,2,Ashrey,no polarizing language,no polarizing language selected,0,2,2,0.0
14,tutankhamun sculpture's london auction sparks egyptian outcry,2,"I tagged the phrase ""his rule would have probably passed without notice"" because it overcredits the British for finding the tomb.",casual oversimplification,His rule would have probably passed without notice,2,0,2,1.0
14,tutankhamun sculpture's london auction sparks egyptian outcry,2,Prerana,exaggeration,The lavish find revived interest in ancient E,1,1,2,0.5
14,tutankhamun sculpture's london auction sparks egyptian outcry,2,Prerana,exaggeration,its remarkable room full of marble Parthenon friezes and sculptures.,1,1,2,0.5
14,tutankhamun sculpture's london auction sparks egyptian outcry,3,Ashrey,no polarizing language,no polarizing language selected,2,0,2,1.0
14,tutankhamun sculpture's london auction sparks egyptian outcry,3,"I tagged the phrase ""his rule would have probably passed without notice"" because it overcredits the British for finding the tomb.",no polarizing language,no polarizing language selected,2,0,2,1.0
14,tutankhamun sculpture's london auction sparks egyptian outcry,3,Prerana,name-calling,The late Egyptian strongman,0,2,2,0.0
14,tutankhamun sculpture's london auction sparks egyptian outcry,3,Prerana,exaggeration,r numerous works went missing during the lootin,0,2,2,0.0
15,meghan markle has been branded 'difficult' by tabloids. it's the same sexism that demonizes driven women in the workplace.,0,Ashrey,name-calling,"""duchess difficult,"" Me-Gain,"" and ""Hurricane Meghan.""",3,0,3,1.0
15,meghan markle has been branded 'difficult' by tabloids. it's the same sexism that demonizes driven women in the workplace.,0,Ashrey,exaggeration,People love tearing down powerful women by dismissing them as difficult divas.,0,3,3,0.0
15,meghan markle has been branded 'difficult' by tabloids. it's the same sexism that demonizes driven women in the workplace.,0,Aarush,bandwagon,People love tearing down powerful women,2,1,3,0.666667
15,meghan markle has been branded 'difficult' by tabloids. it's the same sexism that demonizes driven women in the workplace.,0,Prerana,name-calling,"duchess difficult,"" Me-Gain,"" and ""Hurricane Meghan.",3,0,3,1.0
15,meghan markle has been branded 'difficult' by tabloids. it's the same sexism that demonizes driven women in the workplace.,0,Prerana,demonization,"sexism that often demonizes driven women as ""abrasive"" or ""bossy",2,1,3,0.666667
15,meghan markle has been branded 'difficult' by tabloids. it's the same sexism that demonizes driven women in the workplace.,0,Prerana,demonization,y dismissing them as difficult divas,2,1,3,0.666667
15,meghan markle has been branded 'difficult' by tabloids. it's the same sexism that demonizes driven women in the workplace.,0,Prerana,casual oversimplification,People love tearing down powerful women,1,2,3,0.333333
15,meghan markle has been branded 'difficult' by tabloids. it's the same sexism that demonizes driven women in the workplace.,0,Prerana,name-calling,"Me-Gain, "" and "" Hurricane Meghan",3,0,3,1.0
15,meghan markle has been branded 'difficult' by tabloids. it's the same sexism that demonizes driven women in the workplace.,1,Ashrey,no polarizing language,no polarizing language selected,0,0,0,
15,meghan markle has been branded 'difficult' by tabloids. it's the same sexism that demonizes driven women in the workplace.,1,Aarush,no polarizing language,no polarizing language selected,0,0,0,
15,meghan markle has been branded 'difficult' by tabloids. it's the same sexism that demonizes driven women in the workplace.,1,Prerana,exaggeration,they seem to think that she's running the show.,0,0,0,
15,meghan markle has been branded 'difficult' by tabloids. it's the same sexism that demonizes driven women in the workplace.,1,Prerana,demonization,"volatile "" wave of abuse and harassment """,0,0,0,
15,meghan markle has been branded 'difficult' by tabloids. it's the same sexism that demonizes driven women in the workplace.,1,Prerana,name-calling,"""outright sexism and racism"" she faced.",0,0,0,
15,meghan markle has been branded 'difficult' by tabloids. it's the same sexism that demonizes driven women in the workplace.,2,Ashrey,no polarizing language,no polarizing language selected,0,0,0,
15,meghan markle has been branded 'difficult' by tabloids. it's the same sexism that demonizes driven women in the workplace.,2,Aarush,no polarizing language,no polarizing language selected,0,0,0,
15,meghan markle has been branded 'difficult' by tabloids. it's the same sexism that demonizes driven women in the workplace.,2,Prerana,name-calling,", Markle is being labeled ""difficult"" and unpopular beca",0,0,0,
15,meghan markle has been branded 'difficult' by tabloids. it's the same sexism that demonizes driven women in the workplace.,2,Prerana,demonization,ings of the sexism that often demonizes driven women,0,0,0,
15,meghan markle has been branded 'difficult' by tabloids. it's the same sexism that demonizes driven women in the workplace.,2,Prerana,scapegoating,otypes (ideas about what women are like) and prescriptive gender stereotypes (ideas about what women should be like) impede women's professional advancement .,0,0,0,
15,meghan markle has been branded 'difficult' by tabloids. it's the same sexism that demonizes driven women in the workplace.,2,Prerana,exaggeration,"they face ""disapproval and social penalties"" that keep them from getting promoted.",0,0,0,
15,meghan markle has been branded 'difficult' by tabloids. it's the same sexism that demonizes driven women in the workplace.,2,Prerana,name-calling,"alled ""abrasive"" and ""bossy"" in performance reviews while men are praised for being ""aggressive.""",0,0,0,
15,meghan markle has been branded 'difficult' by tabloids. it's the same sexism that demonizes driven women in the workplace.,3,Ashrey,no polarizing language,no polarizing language selected,0,0,0,
15,meghan markle has been branded 'difficult' by tabloids. it's the same sexism that demonizes driven women in the workplace.,3,Aarush,no polarizing language,no polarizing language selected,0,0,0,
15,meghan markle has been branded 'difficult' by tabloids. it's the same sexism that demonizes driven women in the workplace.,3,Prerana,name-calling,"are seen as micromanaging and bossy """,0,0,0,
15,meghan markle has been branded 'difficult' by tabloids. it's the same sexism that demonizes driven women in the workplace.,3,Prerana,doubt,why people feel the need to ridicule her for it.,0,0,0,
15,meghan markle has been branded 'difficult' by tabloids. it's the same sexism that demonizes driven women in the workplace.,3,Prerana,exaggeration,"ost influential royal style icon,",0,0,0,
16,Biden criticizes Amazon for paying $0 in corporate taxes,0,Ashrey,slogans,"We need to reward work, not just wealth",2,1,3,0.666667
16,Biden criticizes Amazon for paying $0 in corporate taxes,0,Ashrey,exaggeration,"I have nothing against Amazon, but no company pulling in billions of dollars of profits should pay a lower tax rate than firefighters and teachers",2,1,3,0.666667
16,Biden criticizes Amazon for paying $0 in corporate taxes,0,Aarush,exaggeration,presidential candidate to slam one,2,1,3,0.666667
16,Biden criticizes Amazon for paying $0 in corporate taxes,0,Prerana,demonization,presidential candidate to slam one of the most profitable companies,1,2,3,0.333333
16,Biden criticizes Amazon for paying $0 in corporate taxes,0,Prerana,exaggeration,"We need to reward work, not just wealth.""",0,3,3,0.0
16,Biden criticizes Amazon for paying $0 in corporate taxes,0,Prerana,exaggeration,ut no company pulling in billions of dollars of profits should pay a lower tax rate,2,1,3,0.666667
16,Biden criticizes Amazon for paying $0 in corporate taxes,0,Prerana,slogans,"e need to reward work, not just wealth.""",2,1,3,0.666667
16,Biden criticizes Amazon for paying $0 in corporate taxes,0,Prerana,bandwagon,"in profits last year, has become a prime target for Democrats seeking to criticize corporate power",0,3,3,0.0
16,Biden criticizes Amazon for paying $0 in corporate taxes,1,Ashrey,no polarizing language,no polarizing language selected,0,3,3,0.0
16,Biden criticizes Amazon for paying $0 in corporate taxes,1,Aarush,exaggeration,"earlier this week, slamming the company",3,0,3,1.0
16,Biden criticizes Amazon for paying $0 in corporate taxes,1,Prerana,demonization,who said they were treated inhumanely at the facilitie,2,1,3,0.666667
16,Biden criticizes Amazon for paying $0 in corporate taxes,1,Prerana,casual oversimplification,". ""But they should pay a few taxes, you know what I mean?",1,2,3,0.333333
16,Biden criticizes Amazon for paying $0 in corporate taxes,1,Prerana,name-calling,slamming the company at a campaign stop,1,2,3,0.333333
16,Biden criticizes Amazon for paying $0 in corporate taxes,2,Ashrey,no polarizing language,no polarizing language selected,0,3,3,0.0
16,Biden criticizes Amazon for paying $0 in corporate taxes,2,Aarush,no polarizing language,no polarizing language selected,0,3,3,0.0
16,Biden criticizes Amazon for paying $0 in corporate taxes,2,Prerana,exaggeration,"okesperson added that the company invested more than $50 billion and created 45,000 full-time, full-benefit jobs last year",0,3,3,0.0
16,Biden criticizes Amazon for paying $0 in corporate taxes,2,Prerana,exaggeration,furious backlash in Washington against the country's top tech giants,3,0,3,1.0
16,Biden criticizes Amazon for paying $0 in corporate taxes,2,Prerana,demonization,corporate power to the detriment of other companies and workers,3,1,4,0.75
16,Biden criticizes Amazon for paying $0 in corporate taxes,2,Prerana,demonization,Amazon crushes small companies by copying the goods,3,0,3,1.0
16,Biden criticizes Amazon for paying $0 in corporate taxes,2,Prerana,name-calling,"who has insulted CEO Jeff Bezos, who also owns The Washington Post.",1,2,3,0.333333
16,Biden criticizes Amazon for paying $0 in corporate taxes,3,Ashrey,no polarizing language,no polarizing language selected,2,1,3,0.666667
16,Biden criticizes Amazon for paying $0 in corporate taxes,3,Aarush,no polarizing language,no polarizing language selected,2,1,3,0.666667
16,Biden criticizes Amazon for paying $0 in corporate taxes,3,Prerana,name-calling,has accused the Post of being biased against him,1,2,3,0.333333
16,Biden criticizes Amazon for paying $0 in corporate taxes,3,Prerana,name-calling,"accused Amazon of colluding with Democrats to ""discriminate"" against him.",1,2,3,0.333333
17,trump vows to cure cancer and eradicate aids,0,Ashrey,no polarizing language,no polarizing language selected,0,3,3,0.0
17,trump vows to cure cancer and eradicate aids,0,Aarush,casual oversimplification,The president spent much of his speech attacking familiar foes and restating his position on issues like immigration,3,0,3,1.0
17,trump vows to cure cancer and eradicate aids,0,Prerana,exaggeration,made sweeping promises to tackle two o,1,2,3,0.333333
17,trump vows to cure cancer and eradicate aids,0,Prerana,name-calling,ankind's most dreaded diseases. I,0,3,3,0.0
17,trump vows to cure cancer and eradicate aids,0,Prerana,demonization,attacking familiar foes and restating his position on issues like immigration,1,2,3,0.333333
17,trump vows to cure cancer and eradicate aids,0,Prerana,exaggeration,"s to many, many problems, to many, many diseases in",2,1,3,0.666667
17,trump vows to cure cancer and eradicate aids,0,Prerana,exaggeration,"""come up with the cures"" to devastating diseases",1,2,3,0.333333
17,trump vows to cure cancer and eradicate aids,1,Ashrey,doubt,"""Wow, why the hell didn't you do that over the last 50 years, Joe?"" Trump Jr. tweeted.",3,0,3,1.0
17,trump vows to cure cancer and eradicate aids,1,Ashrey,doubt,critics pointed out his budget proposal the previous year sought to divert money away from HIV/AIDS research to fund detention centers for undocumented immigrant children.,3,0,3,1.0
17,trump vows to cure cancer and eradicate aids,1,Aarush,no polarizing language,no polarizing language selected,0,3,3,0.0
17,trump vows to cure cancer and eradicate aids,1,Prerana,name-calling,"Wow, why the hell didn't you do that over the last 50 ye",0,3,3,0.0
17,trump vows to cure cancer and eradicate aids,1,Prerana,exaggeration,"""I promise you, if I'm elected president",0,3,3,0.0
17,trump vows to cure cancer and eradicate aids,1,Prerana,casual oversimplification,"oing to see the single most important thing that changes America we're going to cure cancer.""",1,2,3,0.333333
17,trump vows to cure cancer and eradicate aids,1,Prerana,casual oversimplification,r sought to divert money away from HIV/AIDS research t,2,1,3,0.666667
17,trump vows to cure cancer and eradicate aids,2,Ashrey,no polarizing language,no polarizing language selected,0,3,3,0.0
17,trump vows to cure cancer and eradicate aids,2,Aarush,no polarizing language,no polarizing language selected,0,3,3,0.0
17,trump vows to cure cancer and eradicate aids,2,Prerana,casual oversimplification,"e will eradicate AIDS in America once and for all and we are really close,",2,1,3,0.666667
17,trump vows to cure cancer and eradicate aids,2,Prerana,doubt,"uldn't help but wonder about the feasibility of the president's big promises,",3,0,3,1.0
17,trump vows to cure cancer and eradicate aids,2,Prerana,exaggeration,e will eradicate AIDS in America once and for all,1,2,3,0.333333
17,trump vows to cure cancer and eradicate aids,3,Ashrey,no polarizing language,no polarizing language selected,3,0,3,1.0
17,trump vows to cure cancer and eradicate aids,3,Aarush,no polarizing language,no polarizing language selected,3,0,3,1.0
17,trump vows to cure cancer and eradicate aids,3,Prerana,casual oversimplification,"Red Planet. ""We will lay the foundation for landing American astronauts on the surface of Mars",0,3,3,0.0
18,donald trump's criminal justice reform shows results,0,Aarush,bandwagon,Most people are not aware of the First Step Act,1,2,3,0.333333
18,donald trump's criminal justice reform shows results,0,Aarush,exaggeration,"It is a major achievement in improving the criminal justice system, long overdue.",3,0,3,1.0
18,donald trump's criminal justice reform shows results,0,Aarush,bandwagon,We all want to see criminals,3,0,3,1.0
18,donald trump's criminal justice reform shows results,0,Ashrey,exaggeration,"It is a major achievement in improving the criminal justice system, long overdue.",3,0,3,1.0
18,donald trump's criminal justice reform shows results,0,Prerana,exaggeration,is a major achievement in improving the cr,3,0,3,1.0
18,donald trump's criminal justice reform shows results,0,Prerana,casual oversimplification,will become a productive member of society.,2,1,3,0.666667
18,donald trump's criminal justice reform shows results,0,Prerana,exaggeration,ehind bars does nothing to rehabilitate.,2,1,3,0.666667
18,donald trump's criminal justice reform shows results,1,Aarush,no polarizing language,no polarizing language selected,3,0,3,1.0
18,donald trump's criminal justice reform shows results,1,Ashrey,no polarizing language,no polarizing language selected,3,0,3,1.0
18,donald trump's criminal justice reform shows results,1,Prerana,exaggeration,o had spent nearly 90% of his adult years,0,3,3,0.0
18,donald trump's criminal justice reform shows results,1,Prerana,exaggeration,"He had no friends or family. No money, no transportation",1,2,3,0.333333
18,donald trump's criminal justice reform shows results,1,Prerana,exaggeration,"me."" He didn't know how to be free. He died in priso",2,1,3,0.666667
18,donald trump's criminal justice reform shows results,2,Aarush,exaggeration,"Too often, an 18-year-old makes a mistake for which he will pay until he's 90 years old",3,0,3,1.0
18,donald trump's criminal justice reform shows results,2,Ashrey,no polarizing language,no polarizing language selected,0,3,3,0.0
18,donald trump's criminal justice reform shows results,2,Prerana,exaggeration,spent two decades incarcerated for selling crack coca,1,2,3,0.333333
18,donald trump's criminal justice reform shows results,2,Prerana,exaggeration,esults in many years behind bars accomplishing nothing,1,2,3,0.333333
18,donald trump's criminal justice reform shows results,2,Prerana,doubt,"re certainly concerned about getting elected, or re-elected.",3,0,3,1.0
18,donald trump's criminal justice reform shows results,2,Prerana,exaggeration,"nell against winning at the polls is to appear ""soft o",0,3,3,0.0
18,donald trump's criminal justice reform shows results,2,Prerana,casual oversimplification,Sentences for many felonies are spelled out in minimum mandatory guidelines from which judges cannot ignore.,1,2,3,0.333333
18,donald trump's criminal justice reform shows results,2,Prerana,exaggeration,e will pay until he's 90 years old,3,0,3,1.0
18,donald trump's criminal justice reform shows results,3,Aarush,no polarizing language,no polarizing language selected,3,0,3,1.0
18,donald trump's criminal justice reform shows results,3,Ashrey,no polarizing language,no polarizing language selected,3,0,3,1.0
18,donald trump's criminal justice reform shows results,3,Prerana,name-calling,en about the extreme and morally damaging sentencing practices of the modern era.,2,1,3,0.666667
18,donald trump's criminal justice reform shows results,3,Prerana,exaggeration,"Yes, we want bad people punished. Their victims deserve that",0,3,3,0.0
18,donald trump's criminal justice reform shows results,3,Prerana,casual oversimplification,"That does not take into account the population of aging inmates, where costs run much higher.",1,2,3,0.333333
18,donald trump's criminal justice reform shows results,3,Prerana,exaggeration,That's a lot of medical expenses.,2,1,3,0.666667
18,donald trump's criminal justice reform shows results,4,Aarush,no polarizing language,no polarizing language selected,3,0,3,1.0
18,donald trump's criminal justice reform shows results,4,Ashrey,no polarizing language,no polarizing language selected,3,0,3,1.0
18,donald trump's criminal justice reform shows results,4,Prerana,no polarizing language,no polarizing language selected,3,0,3,1.0
19,GOP lawmaker suggests Colin Kaepernick move to a different country,0,Ashrey,doubt,ought to consider moving to a country where he believes the laws are better for his purposes,4,0,4,1.0
19,GOP lawmaker suggests Colin Kaepernick move to a different country,0,Aarush,no polarizing language,no polarizing language selected,0,4,4,0.0
19,GOP lawmaker suggests Colin Kaepernick move to a different country,0,Prerana,name-calling,controversy over Nike sneakers with a Revolutionary War-era flag,0,4,4,0.0
19,GOP lawmaker suggests Colin Kaepernick move to a different country,0,Prerana,name-calling,who is well known for his political activism,0,4,4,0.0
19,GOP lawmaker suggests Colin Kaepernick move to a different country,0,Prerana,name-calling,marked an era when slavery existed in the,1,3,4,0.25
19,GOP lawmaker suggests Colin Kaepernick move to a different country,0,Prerana,doubt,symbol that he and others consider offensive,2,2,4,0.5
19,GOP lawmaker suggests Colin Kaepernick move to a different country,1,Ashrey,doubt,very radical people in the United States of America who don't like America.,1,3,4,0.25
19,GOP lawmaker suggests Colin Kaepernick move to a different country,1,Ashrey,exaggeration,"They don't like the foundational principles that have made us a great nation, and I would put Mr. Kaepernick in that category",4,0,4,1.0
19,GOP lawmaker suggests Colin Kaepernick move to a different country,1,Aarush,name-calling,very radical people in the United States of America who don't like America,4,0,4,1.0
19,GOP lawmaker suggests Colin Kaepernick move to a different country,1,Prerana,name-calling,"""very radical people in the United States of America who don't like America.",4,0,4,1.0
19,GOP lawmaker suggests Colin Kaepernick move to a different country,1,Prerana,demonization,on't like the foundational principles that have made us a great nation,2,2,4,0.5
19,GOP lawmaker suggests Colin Kaepernick move to a different country,1,Prerana,name-calling,d put Mr. Kaepernick in that category ...,0,4,4,0.0
19,GOP lawmaker suggests Colin Kaepernick move to a different country,1,Prerana,name-calling,"by some white supremacist groups such as the Ku Klux Klan,",2,2,4,0.5
19,GOP lawmaker suggests Colin Kaepernick move to a different country,1,Prerana,name-calling,ate symbols and is widely seen as a patriotic flag,2,2,4,0.5
19,GOP lawmaker suggests Colin Kaepernick move to a different country,2,Ashrey,no polarizing language,no polarizing language selected,0,4,4,0.0
19,GOP lawmaker suggests Colin Kaepernick move to a different country,2,Ashrey,demonization,we've had over a million Americans die fighting for our liberties. All of these things that we enjoy he seems to frown upon,3,1,4,0.75
19,GOP lawmaker suggests Colin Kaepernick move to a different country,2,Aarush,no polarizing language,no polarizing language selected,0,4,4,0.0
19,GOP lawmaker suggests Colin Kaepernick move to a different country,2,Prerana,doubt,doubt he will do that because,2,2,4,0.5
19,GOP lawmaker suggests Colin Kaepernick move to a different country,2,Prerana,exaggeration,we've had over a million Americans die fighting,2,2,4,0.5
20,Trump hits polling on Fox News: 'Something weird going on at Fox',0,Ashrey,name-calling,They were against Crooked Hillary also,3,0,3,1.0
20,Trump hits polling on Fox News: 'Something weird going on at Fox',0,Ashrey,doubt,"For the record, I didn't spend 30 hours with @abcnews , but rather a tiny fraction of that. More Fake News @BretBaier",3,0,3,1.0
20,Trump hits polling on Fox News: 'Something weird going on at Fox',0,Ashrey,exaggeration,"saying ""something weird"" is happening at the network favored by conservatives",2,1,3,0.666667
20,Trump hits polling on Fox News: 'Something weird going on at Fox',0,Prerana,doubt,"""something weird"" is happening at the network favored by conservatives",2,1,3,0.666667
20,Trump hits polling on Fox News: 'Something weird going on at Fox',0,Prerana,name-calling,re against Crooked Hillary,3,0,3,1.0
20,Trump hits polling on Fox News: 'Something weird going on at Fox',0,Prerana,name-calling,More Fake News @BretBaier - Donald J. Trump,1,2,3,0.333333
20,Trump hits polling on Fox News: 'Something weird going on at Fox',0,Aarush,slogans,hat. More Fake News,2,1,3,0.666667
20,Trump hits polling on Fox News: 'Something weird going on at Fox',1,Ashrey,slogans,MAKE AMERICA GREAT AGAIN!,3,0,3,1.0
20,Trump hits polling on Fox News: 'Something weird going on at Fox',1,Ashrey,doubt,"The president tweeted earlier Monday that ""only fake polls"" showed him behind 2020 Democrats, referring to them as a ""Motley Crew.""",3,0,3,1.0
20,Trump hits polling on Fox News: 'Something weird going on at Fox',1,Prerana,name-calling,"""only fake polls"" showed him behind 2020",1,2,3,0.333333
20,Trump hits polling on Fox News: 'Something weird going on at Fox',1,Prerana,name-calling,"referring to them as a ""Motley Crew.""",3,0,3,1.0
20,Trump hits polling on Fox News: 'Something weird going on at Fox',1,Prerana,slogans,". ""Much work to do! MAKE AMERICA GREAT AGAIN!""",3,0,3,1.0
20,Trump hits polling on Fox News: 'Something weird going on at Fox',1,Aarush,no polarizing language,no polarizing language selected,0,3,3,0.0
20,Trump hits polling on Fox News: 'Something weird going on at Fox',2,Ashrey,demonization,"""Fox is moving more and more to the losing (wrong) side in covering the Dems,""",3,0,3,1.0
20,Trump hits polling on Fox News: 'Something weird going on at Fox',2,Prerana,scapegoating,ut he has increasingly criticized it over its campaign covera,1,2,3,0.333333
20,Trump hits polling on Fox News: 'Something weird going on at Fox',2,Aarush,no polarizing language,no polarizing language selected,0,3,3,0.0
21,"'if you're directly complicit in spreading hate, consider dining at home': restaurant owner who kicked sarah sanders out last year defends chicago server who spat on eric trump in a cocktail bar",0,Ashrey,demonization,"who spat in Eric Trump's face last week, saying politicians involved in 'spreading hate' should consider dining at home",2,1,3,0.666667
21,"'if you're directly complicit in spreading hate, consider dining at home': restaurant owner who kicked sarah sanders out last year defends chicago server who spat on eric trump in a cocktail bar",0,Aarush,no polarizing language,no polarizing language selected,0,3,3,0.0
21,"'if you're directly complicit in spreading hate, consider dining at home': restaurant owner who kicked sarah sanders out last year defends chicago server who spat on eric trump in a cocktail bar",0,Prerana,name-calling,"ek, saying politicians involved in 'spreading hate' should consider dining at home",0,3,3,0.0
21,"'if you're directly complicit in spreading hate, consider dining at home': restaurant owner who kicked sarah sanders out last year defends chicago server who spat on eric trump in a cocktail bar",0,Prerana,exaggeration,Wilkinson says restaurants are 'a part of the soundstage for our ongoing national spectacle'.,3,0,3,1.0
21,"'if you're directly complicit in spreading hate, consider dining at home': restaurant owner who kicked sarah sanders out last year defends chicago server who spat on eric trump in a cocktail bar",1,Ashrey,demonization,an administration that has made its name trashing norms and breaking backs,3,0,3,1.0
21,"'if you're directly complicit in spreading hate, consider dining at home': restaurant owner who kicked sarah sanders out last year defends chicago server who spat on eric trump in a cocktail bar",1,Aarush,no polarizing language,no polarizing language selected,0,3,3,0.0
21,"'if you're directly complicit in spreading hate, consider dining at home': restaurant owner who kicked sarah sanders out last year defends chicago server who spat on eric trump in a cocktail bar",1,Prerana,name-calling,"""staying in their lane""",0,3,3,0.0
21,"'if you're directly complicit in spreading hate, consider dining at home': restaurant owner who kicked sarah sanders out last year defends chicago server who spat on eric trump in a cocktail bar",1,Prerana,name-calling,"If you're an unsavory individual - of whatever persuasion or affiliation - we have no legal or moral obligation to do business with you,",2,1,3,0.666667
21,"'if you're directly complicit in spreading hate, consider dining at home': restaurant owner who kicked sarah sanders out last year defends chicago server who spat on eric trump in a cocktail bar",1,Prerana,casual oversimplification,"You can't call people your enemies by day and expect hospitality from them in the evening,' she added.",1,2,3,0.333333
21,"'if you're directly complicit in spreading hate, consider dining at home': restaurant owner who kicked sarah sanders out last year defends chicago server who spat on eric trump in a cocktail bar",2,Ashrey,doubt,'[Wilkinson's] actions say far more about her than about me.,3,0,3,1.0
21,"'if you're directly complicit in spreading hate, consider dining at home': restaurant owner who kicked sarah sanders out last year defends chicago server who spat on eric trump in a cocktail bar",2,Aarush,slogans,to 'its normal axis',1,2,3,0.333333
21,"'if you're directly complicit in spreading hate, consider dining at home': restaurant owner who kicked sarah sanders out last year defends chicago server who spat on eric trump in a cocktail bar",2,Prerana,exaggeration,'its normal axis' there will be less 'highly charged encounters' making headlines.,2,1,3,0.666667
21,"'if you're directly complicit in spreading hate, consider dining at home': restaurant owner who kicked sarah sanders out last year defends chicago server who spat on eric trump in a cocktail bar",2,Prerana,demonization,If you're directly complicit in spreading hate or perpetuating suffering,0,3,3,0.0
21,"'if you're directly complicit in spreading hate, consider dining at home': restaurant owner who kicked sarah sanders out last year defends chicago server who spat on eric trump in a cocktail bar",3,Ashrey,no polarizing language,no polarizing language selected,3,0,3,1.0
21,"'if you're directly complicit in spreading hate, consider dining at home': restaurant owner who kicked sarah sanders out last year defends chicago server who spat on eric trump in a cocktail bar",3,Aarush,no polarizing language,no polarizing language selected,3,0,3,1.0
21,"'if you're directly complicit in spreading hate, consider dining at home': restaurant owner who kicked sarah sanders out last year defends chicago server who spat on eric trump in a cocktail bar",3,Prerana,no polarizing language,no polarizing language selected,3,0,3,1.0
22,"Donald Trump Jr. mocks Roy Moore after campaign announcement, reigniting feud",0,Ashrey,demonization,"more personal contact with people."" ""This can't be real... can it? Based on the allegations I'd stay away from that but hey I'm new",3,0,3,1.0
22,"Donald Trump Jr. mocks Roy Moore after campaign announcement, reigniting feud",0,Ashrey,slogans,"""Can I win?"" Moore said at his announcement on Thursday . ""Yes, I can win. Not only can I, they know I can.",1,2,3,0.333333
22,"Donald Trump Jr. mocks Roy Moore after campaign announcement, reigniting feud",0,Aarush,no polarizing language,no polarizing language selected,0,3,3,0.0
22,"Donald Trump Jr. mocks Roy Moore after campaign announcement, reigniting feud",0,Prerana,doubt,This can't be real... can it?,1,2,3,0.333333
22,"Donald Trump Jr. mocks Roy Moore after campaign announcement, reigniting feud",0,Prerana,bandwagon,"Thursday despite leading Republicans criticizing him and President Trump publicly saying he couldn't win. ""Can I win?",0,3,3,0.0
22,"Donald Trump Jr. mocks Roy Moore after campaign announcement, reigniting feud",0,Prerana,bandwagon,"""Yes, I can win. Not only can I, they know I can.",2,1,3,0.666667
22,"Donald Trump Jr. mocks Roy Moore after campaign announcement, reigniting feud",1,Ashrey,exaggeration,"You're literally the only candidate who could lose a GOP seat in pro-Trump, pro-USA ALABAMA",3,0,3,1.0
22,"Donald Trump Jr. mocks Roy Moore after campaign announcement, reigniting feud",1,Ashrey,demonization,"If you actually care about #MAGA more than your own ego, it's time to ride off into the sunset, Judge.",2,1,3,0.666667
22,"Donald Trump Jr. mocks Roy Moore after campaign announcement, reigniting feud",1,Ashrey,bandwagon,"I can assure everyone that by running, Roy Moore is going against my father and he's doing a disservice to all conservatives",3,0,3,1.0
22,"Donald Trump Jr. mocks Roy Moore after campaign announcement, reigniting feud",1,Aarush,slogans,his is pure fake news,2,1,3,0.666667
22,"Donald Trump Jr. mocks Roy Moore after campaign announcement, reigniting feud",1,Aarush,exaggeration,he's doing a disservice to all conservatives,2,1,3,0.666667
22,"Donald Trump Jr. mocks Roy Moore after campaign announcement, reigniting feud",1,Prerana,scapegoating,he's doing a disservice to all conservatives across the country in the process,2,1,3,0.666667
22,"Donald Trump Jr. mocks Roy Moore after campaign announcement, reigniting feud",2,Ashrey,slogans,"The National Republican Senatorial Committee has said its motto in the race is ""ABRM,"" which stands for ""anyone but Roy Moore.""",3,0,3,1.0
22,"Donald Trump Jr. mocks Roy Moore after campaign announcement, reigniting feud",2,Ashrey,exaggeration,We believe most Alabama Republicans realize that nominating Roy Moore would be gift wrapping this Senate seat for Chuck Schumer,3,0,3,1.0
22,"Donald Trump Jr. mocks Roy Moore after campaign announcement, reigniting feud",2,Aarush,no polarizing language,no polarizing language selected,0,3,3,0.0
22,"Donald Trump Jr. mocks Roy Moore after campaign announcement, reigniting feud",2,Prerana,slogans,"""anyone but Roy Moore.""",3,0,3,1.0
22,"Donald Trump Jr. mocks Roy Moore after campaign announcement, reigniting feud",2,Prerana,exaggeration,would be gift wrapping this Senate seat for Chuck Schumer,3,0,3,1.0
22,"Donald Trump Jr. mocks Roy Moore after campaign announcement, reigniting feud",2,Prerana,name-calling,ether Moore can escape his baggage without his candidacy collapsing under its own weight,1,2,3,0.333333
23,"RMV Fail: 546 license suspensions, more to come",0,Ashrey,exaggeration,"Massachusetts drivers' violations in other states accumulate for more than a year, unprocessed in 53 bins, in a deadly bureaucratic failure",3,0,3,1.0
23,"RMV Fail: 546 license suspensions, more to come",0,Ashrey,exaggeration,"In a stunning press conference detailing the scope of the crisis Monday,",2,1,3,0.666667
23,"RMV Fail: 546 license suspensions, more to come",0,Aarush,no polarizing language,no polarizing language selected,0,3,3,0.0
23,"RMV Fail: 546 license suspensions, more to come",0,Prerana,demonization,"bins, in a deadly bureaucratic failure that Gov.",0,3,3,0.0
23,"RMV Fail: 546 license suspensions, more to come",0,Prerana,exaggeration,In a stunning press conference detailing the scope,2,1,3,0.666667
23,"RMV Fail: 546 license suspensions, more to come",0,Prerana,demonization,accused of killing seven motorcyclists in New Hampshire on J,0,3,3,0.0
23,"RMV Fail: 546 license suspensions, more to come",0,Prerana,exaggeration,ld have triggered an automatic license suspension,0,3,3,0.0
23,"RMV Fail: 546 license suspensions, more to come",0,Prerana,casual oversimplification,546 drivers have now been suspended based on previously overlooked out-of-state notices.,1,2,3,0.333333
23,"RMV Fail: 546 license suspensions, more to come",1,Ashrey,no polarizing language,no polarizing language selected,2,1,3,0.666667
23,"RMV Fail: 546 license suspensions, more to come",1,Aarush,no polarizing language,no polarizing language selected,2,1,3,0.666667
23,"RMV Fail: 546 license suspensions, more to come",1,Prerana,exaggeration,"t after major failings at the RMV and MBTA, Bak",1,2,3,0.333333
23,"RMV Fail: 546 license suspensions, more to come",1,Prerana,exaggeration,"""The RMV failed to act on critically important",0,3,3,0.0
23,"RMV Fail: 546 license suspensions, more to come",2,Ashrey,no polarizing language,no polarizing language selected,2,1,3,0.666667
23,"RMV Fail: 546 license suspensions, more to come",2,Aarush,no polarizing language,no polarizing language selected,2,1,3,0.666667
23,"RMV Fail: 546 license suspensions, more to come",2,Prerana,doubt,"e unknown reason, when people stopped dealing with the notifications altogether.",2,1,3,0.666667
23,"RMV Fail: 546 license suspensions, more to come",2,Prerana,exaggeration,"e RMV has ""worked around the clock"" to address the backlog",2,1,3,0.666667
23,"RMV Fail: 546 license suspensions, more to come",2,Prerana,demonization,se drivers who shouldn't have been on the road have been i,0,3,3,0.0
23,"RMV Fail: 546 license suspensions, more to come",3,Ashrey,doubt,Someone's dropping the ball' Investigation reveals thousands of notifications awaiting review at RMV,3,0,3,1.0
23,"RMV Fail: 546 license suspensions, more to come",3,Aarush,no polarizing language,no polarizing language selected,0,3,3,0.0
23,"RMV Fail: 546 license suspensions, more to come",3,Prerana,demonization,r letting dangerous drivers stay on the road Sorry Cha,1,2,3,0.333333
23,"RMV Fail: 546 license suspensions, more to come",3,Prerana,doubt,xiously awaiting to see exactly where there may have been a failure in the system,1,2,3,0.333333
23,"RMV Fail: 546 license suspensions, more to come",4,Ashrey,no polarizing language,no polarizing language selected,0,0,0,
23,"RMV Fail: 546 license suspensions, more to come",4,Aarush,no polarizing language,no polarizing language selected,0,0,0,
23,"RMV Fail: 546 license suspensions, more to come",4,Prerana,no polarizing language,no polarizing language selected,0,0,0,
24,Killer of 16-year-old New York girl in 1980 released on parole despite outrage,0,Ashrey,exaggeration,local medical examiner described as the most brutal murder he had ever seen,3,0,3,1.0
24,Killer of 16-year-old New York girl in 1980 released on parole despite outrage,0,Aarush,no polarizing language,no polarizing language selected,0,3,3,0.0
24,Killer of 16-year-old New York girl in 1980 released on parole despite outrage,0,Prerana,demonization,victed of brutally murdering a 16-year-old girl in 1,1,2,3,0.333333
24,Killer of 16-year-old New York girl in 1980 released on parole despite outrage,0,Prerana,exaggeration,described as the most brutal murder he had ever seen.,3,0,3,1.0
24,Killer of 16-year-old New York girl in 1980 released on parole despite outrage,1,Ashrey,slogans,"A non-profit organization ""Petition for Paula"" filed a lawsuit",2,1,3,0.666667
24,Killer of 16-year-old New York girl in 1980 released on parole despite outrage,1,Aarush,no polarizing language,no polarizing language selected,3,0,3,1.0
24,Killer of 16-year-old New York girl in 1980 released on parole despite outrage,1,Prerana,exaggeration,were given the toughest sentence available at the time and h,1,2,3,0.333333
24,Killer of 16-year-old New York girl in 1980 released on parole despite outrage,1,Prerana,doubt,at LaBarbera be given another parole hearing in front of all 12 members,1,2,3,0.333333
24,Killer of 16-year-old New York girl in 1980 released on parole despite outrage,2,Ashrey,no polarizing language,no polarizing language selected,3,0,3,1.0
24,Killer of 16-year-old New York girl in 1980 released on parole despite outrage,2,Aarush,no polarizing language,no polarizing language selected,3,0,3,1.0
24,Killer of 16-year-old New York girl in 1980 released on parole despite outrage,2,Prerana,bandwagon,HUNDREDS PROTEST PLAN TO RELEASE 16-YEAR-OLD GIRL'S CONVICTED KILLER Former New York Gov.,2,1,3,0.666667
24,Killer of 16-year-old New York girl in 1980 released on parole despite outrage,2,Prerana,demonization,6-YEAR-OLD GIRL'S CONVICTED KILLER Fo,1,2,3,0.333333
24,Killer of 16-year-old New York girl in 1980 released on parole despite outrage,2,Prerana,exaggeration,"hey would have to see that this man should not be out in the streets,"" Pataki said.",2,1,3,0.666667
24,Killer of 16-year-old New York girl in 1980 released on parole despite outrage,3,Ashrey,no polarizing language,no polarizing language selected,3,0,3,1.0
24,Killer of 16-year-old New York girl in 1980 released on parole despite outrage,3,Aarush,no polarizing language,no polarizing language selected,3,0,3,1.0
24,Killer of 16-year-old New York girl in 1980 released on parole despite outrage,3,Prerana,demonization,ist and murderer is so hideous to,1,2,3,0.333333
24,Killer of 16-year-old New York girl in 1980 released on parole despite outrage,3,Prerana,doubt,. I don't think he's sorry.,3,0,3,1.0
24,Killer of 16-year-old New York girl in 1980 released on parole despite outrage,3,Prerana,doubt,"y for it, so how can he be sorry?",2,1,3,0.666667
25,"Ocasio-Cortez, Sanders call for climate change emergency mobilization, seeks a re-do of failed Green New Deal",0,Aarush,casual oversimplification,address the so-called emergency.,2,1,3,0.666667
25,"Ocasio-Cortez, Sanders call for climate change emergency mobilization, seeks a re-do of failed Green New Deal",0,Ashrey,doubt,though it doesn't make any exact recommendations how to address the so-called emergency.,3,0,3,1.0
25,"Ocasio-Cortez, Sanders call for climate change emergency mobilization, seeks a re-do of failed Green New Deal",0,Prerana,exaggeration,"the United States at a massive-scale.""",1,2,3,0.333333
25,"Ocasio-Cortez, Sanders call for climate change emergency mobilization, seeks a re-do of failed Green New Deal",0,Prerana,doubt,ress the so-called emergency.,2,1,3,0.666667
25,"Ocasio-Cortez, Sanders call for climate change emergency mobilization, seeks a re-do of failed Green New Deal",0,Prerana,exaggeration,"solution declaring a climate change emergency, a move that comes after the Green New Deal failed",1,2,3,0.333333
25,"Ocasio-Cortez, Sanders call for climate change emergency mobilization, seeks a re-do of failed Green New Deal",1,Aarush,no polarizing language,no polarizing language selected,3,0,3,1.0
25,"Ocasio-Cortez, Sanders call for climate change emergency mobilization, seeks a re-do of failed Green New Deal",1,Ashrey,name-calling,"a radical, top-down, socialist makeover of the entire U.S. economy.""",2,1,3,0.666667
25,"Ocasio-Cortez, Sanders call for climate change emergency mobilization, seeks a re-do of failed Green New Deal",1,Prerana,name-calling,"""a radical, top-down, socialist makeover of the entire U.S. economy.""",2,1,3,0.666667
25,"Ocasio-Cortez, Sanders call for climate change emergency mobilization, seeks a re-do of failed Green New Deal",1,Prerana,name-calling,"ent."" OCASIO-CORTEZ ASSAILS BIDEN'S 'MIDDLE GROUND' CLIMATE CHANGE PLAN, SAYS IT'S 'DEALBREAKER' Both",1,2,3,0.333333
25,"Ocasio-Cortez, Sanders call for climate change emergency mobilization, seeks a re-do of failed Green New Deal",1,Prerana,no polarizing language,no polarizing language selected,3,0,3,1.0
25,"Ocasio-Cortez, Sanders call for climate change emergency mobilization, seeks a re-do of failed Green New Deal",2,Aarush,no polarizing language,no polarizing language selected,0,3,3,0.0
25,"Ocasio-Cortez, Sanders call for climate change emergency mobilization, seeks a re-do of failed Green New Deal",2,Ashrey,demonization,"President Trump has routinely declared phony national emergencies to advance his deeply unpopular agenda,""",3,0,3,1.0
25,"Ocasio-Cortez, Sanders call for climate change emergency mobilization, seeks a re-do of failed Green New Deal",2,Ashrey,doubt,"""On the existential threat of climate change, Trump insists on calling it a hoax.""",3,0,3,1.0
25,"Ocasio-Cortez, Sanders call for climate change emergency mobilization, seeks a re-do of failed Green New Deal",2,Prerana,exaggeration,ng it would devastate the economy and trigger massive tax increases,3,0,3,1.0
25,"Ocasio-Cortez, Sanders call for climate change emergency mobilization, seeks a re-do of failed Green New Deal",2,Prerana,name-calling,hony national emergencies to advance,2,1,3,0.666667
25,"Ocasio-Cortez, Sanders call for climate change emergency mobilization, seeks a re-do of failed Green New Deal",2,Prerana,name-calling,ely declared phony national emergencies to advance his deep,2,1,3,0.666667
25,"Ocasio-Cortez, Sanders call for climate change emergency mobilization, seeks a re-do of failed Green New Deal",2,Prerana,name-calling,"On the existential threat of climate change, Trump",1,2,3,0.333333
26,Gabbard was most searched Democratic candidate after debate despite getting third-lowest speaking time,0,Ashrey,name-calling,this president and his chicken hawk cabinet have led us to the brink of war with Iran.,3,0,3,1.0
26,Gabbard was most searched Democratic candidate after debate despite getting third-lowest speaking time,0,Aarush,name-calling,this president and his chicken hawk cabinet have led us to the brink of war,3,0,3,1.0
26,Gabbard was most searched Democratic candidate after debate despite getting third-lowest speaking time,0,Prerana,name-calling,elative unknown mired at the bottom of,0,3,3,0.0
26,Gabbard was most searched Democratic candidate after debate despite getting third-lowest speaking time,0,Prerana,exaggeration,ran one of the night's biggest winners.,1,2,3,0.333333
26,Gabbard was most searched Democratic candidate after debate despite getting third-lowest speaking time,0,Prerana,exaggeration,"eing the most searched candidate on Google in most states,",0,3,3,0.0
26,Gabbard was most searched Democratic candidate after debate despite getting third-lowest speaking time,0,Prerana,name-calling,"this president and his chicken hawk cabinet have led us to the brink of war with Iran.""",3,0,3,1.0
26,Gabbard was most searched Democratic candidate after debate despite getting third-lowest speaking time,1,Ashrey,exaggeration,"When we weren't in there, they started flying planes into our buildings",3,0,3,1.0
26,Gabbard was most searched Democratic candidate after debate despite getting third-lowest speaking time,1,Aarush,no polarizing language,no polarizing language selected,0,3,3,0.0
26,Gabbard was most searched Democratic candidate after debate despite getting third-lowest speaking time,1,Prerana,casual oversimplification,"weren't in there, they started flying planes into our buildings,""",3,0,3,1.0
26,Gabbard was most searched Democratic candidate after debate despite getting third-lowest speaking time,1,Prerana,exaggeration,"as the most ""composed and authentic.""",1,2,3,0.333333
26,Gabbard was most searched Democratic candidate after debate despite getting third-lowest speaking time,1,Prerana,name-calling,calling her out on her relationship with Assad,1,2,3,0.333333
26,Gabbard was most searched Democratic candidate after debate despite getting third-lowest speaking time,2,Ashrey,doubt,It's clear who MSNBC wants to be president: Elizabeth Warren. They're giving her more time than all the other candidates combined.,3,0,3,1.0
26,Gabbard was most searched Democratic candidate after debate despite getting third-lowest speaking time,2,Aarush,no polarizing language,no polarizing language selected,0,3,3,0.0
26,Gabbard was most searched Democratic candidate after debate despite getting third-lowest speaking time,2,Prerana,exaggeration,the third-lowest amount of speaking time with just 6.6 minutes,0,3,3,0.0
26,Gabbard was most searched Democratic candidate after debate despite getting third-lowest speaking time,2,Prerana,exaggeration,"ird-highest amount of speaking time with 9.3 minutes,",0,3,3,0.0
26,Gabbard was most searched Democratic candidate after debate despite getting third-lowest speaking time,2,Prerana,name-calling,slamming MSNBC for favoring Warren.,1,2,3,0.333333
