Headline,News body,Topic,News Source,Rating
"'pathetic rout,' 'tragic mistake' and 'painful' john mccain holds little back in describing helsinki","Video by CNBC Of all the critical statements issued about Monday's Helsinki happenings, the one by Senate Armed Services Chairman John McCain perhaps stood out the most, as the Arizona Republican accused President Donald Trump of making a ""tragic mistake"" in his meetings with Russian President Vladimir Putin and the joint press conference that followed. The Republican pulled no punches in his latest verbal fisticuffs with the president, issuing a lengthy statement from Arizona about what may he thinks may be incalculable damage to U.S. foreign policy. McCain's absence from the Capitol has been obvious throughout his battle with brain cancer, but no more so than during debates over the relationship between the United States and Russia, as well as between the U.S. and NATO allies. The full statement from McCain appears below: ""Today's press conference in Helsinki was one of the most disgraceful performances by an American president in memory. The damage inflicted by President Trump's naiveté, egotism, false equivalence, and sympathy for autocrats is difficult to calculate. But it is clear that the summit in Helsinki was a tragic mistake. ""President Trump proved not only unable, but unwilling to stand up to Putin. He and Putin seemed to be speaking from the same script as the president made a conscious choice to defend a tyrant against the fair questions of a free press, and to grant Putin an uncontested platform to spew propaganda and lies to the world. ""It is tempting to describe the press conference as a pathetic rout   as an illustration of the perils of under-preparation and inexperience. But these were not the errant tweets of a novice politician. These were the deliberate choices of a president who seems determined to realize his delusions of a warm relationship with Putin's regime without any regard for the true nature of his rule, his violent disregard for the sovereignty of his neighbors, his complicity in the slaughter of the Syrian people, his violation of international treaties, and his assault on democratic institutions throughout the world. ""Coming close on the heels of President Trump's bombastic and erratic conduct towards our closest friends and allies in Brussels and Britain, today's press conference marks a recent low point in the history of the American Presidency. That the president was attended in Helsinki by a team of competent and patriotic advisors makes his blunders and capitulations all the more painful and inexplicable. ""No prior president has ever abased himself more abjectly before a tyrant. Not only did President Trump fail to speak the truth about an adversary; but speaking for America to the world, our president failed to defend all that makes us who we are   a republic of free people dedicated to the cause of liberty at home and abroad. American presidents must be the champions of that cause if it is to succeed. Americans are waiting and hoping for President Trump to embrace that sacred responsibility. One can only hope they are not waiting totally in vain."" Get breaking news alerts and more from Roll Call on your iPhone or your Android .",legal arguments,The Washington Post,left
"trump rips 'horrible' new york times, washington post, wonders if people will 'demand' he stay in white house","President Trump on Sunday ramped up his attacks against the nation's biggest newspapers, saying that a poll should be done to see whether The New York Times or The Washington Post is ""more dishonest and deceitful."" ""A poll should be done on which is the more dishonest and deceitful newspaper, the Failing New York Times or the Amazon (lobbyist) Washington Post!"" he said on Twitter. ""They are both a disgrace to our Country, the Enemy of the People, but I just can't seem to figure out which is worse?"" .....news is that at the end of 6 years, after America has been made GREAT again and I leave the beautiful White House (do you think the people would demand that I stay longer? KEEP AMERICA GREAT), both of these horrible papers will quickly go out of business & be forever gone! - Donald J. Trump (@realDonaldTrump) June 16, 2019 ""The good news is that at the end of 6 years, after America has been made GREAT again and I leave the beautiful White House both of these horrible papers will quickly go out of business & be forever gone,"" Trump continued. He also asked if ""people would demand that I stay longer"" to ""keep America great"" after two terms in the White House. Trump has repeatedly criticized the press corps during his two years in the White House, often referring to it as the ""enemy of the people."" His Twitter latest tirade came just a day after he claimed that The Times committed a ""virtual act of treason"" by reporting on the administration's digital attacks against Russia. ""Do you believe that the Failing New York Times just did a story stating that the United States is substantially increasing Cyber Attacks on Russia,"" Trump tweeted, before claiming that the report was ""not true."" ""This is a virtual act of Treason by a once great paper so desperate for a story, any story, even if bad for our Country."" The Times on Saturday published a report about the United States' efforts to penetrate Russia's power grid. The Times, citing current and former government officials, noted that the actions are a warning to Moscow on how the Trump administration is using new authorities to unleash cyber tools in an aggressive manner. Two administration officials told the newspaper that they do not think Trump was briefed about the plans. The newspaper added that some Pentagon and intelligence officials said there was a hesitation about addressing the operations with Trump. Trump has also lashed out at the media over reports about his internal polling. He d enounced the ""fake news "" and ""fake polling"" after reports surfaced that he was trailing Vice President Joe Biden in a hypothetical 2020 matchup. ""The Fake News has never been more dishonest than it is today. Thank goodness we can fight back on Social Media. There new weapon of choice is Fake Polling, sometimes referred to as Suppression Polls (they suppress the numbers),"" Trump tweeted. Polls released in the past week have shown Trump trailing multiple Democratic presidential contenders in hypothetical 2020 matchups. A Quinnipiac University survey released last week found Trump trailing six candidates by healthy margins.",legal arguments,The Washington Post,left
'Every American is entitled to health care': Sen. Bernie Sanders,"The United States must end the international embarrassment of not guaranteeing health care as a right, Sen. Bernie Sanders , I-Vt., said ABC's ""This Week"" Sunday. Sanders spoke with ABC News Chief Anchor George Stephanopoulos, days after the first Democratic presidential debates , where many of his progressive policies were front and center . His proposal for Medicare for all would dismantle President Barack Obama's Affordable Care Act, eliminate private insurance and create a single-payer program, in which all Americans would participate in a single, government-run plan that does not include deductibles and out-of-out pocket costs. Critics say Sanders' plan would dramatically increase taxes. Following his push for the policy in 2016, the policy has become a progressive litmus test for candidates this election cycle. During the debate on Thursday , the 10 candidates were asked to raise their hands if they would eliminate private insurance to implement Medicare for all. Sen. Kamala Harris, D-Calif., was one of two candidates to raise her hand in favor of eliminating private insurance. The following morning she walked back her support of eliminating private insurance on MSNBC , saying that she had misunderstood the question and she would not eliminate private insurance in favor of Medicare for all, but does support Sanders' proposal for a single-payer government-run insurance plan. (MORE: Bernie Sanders details plan to cancel $1.6 trillion in student loan debt for everyone) Sanders' responded to Harris' backtracking Friday in a statement, writing that he ""demanded that all candidates be clear about their stance on Medicare for all."" ""If you support Medicare for all, you have to be willing to end the greed of the health insurance and pharmaceutical industries. That means boldly transforming our dysfunctional system by ending the use of private health insurance"" Sanders wrote. ""It is imperative that we remain steadfast in our commitment to guarantee health care as a human right and no longer private corporations to make billions of dollars in profits off Americans' health care."" (MORE: Democratic debate night 2: Fact-checking the candidates on the issues) Referencing a Wall Street Journal editorial claiming that he has ""set the Democratic agenda,"" the senator touted both nights of the debate as a victory during a campaign stop in Hudson, New Hampshire. ""So how did we win a debate that we weren't even participating in? Because of New Hampshire and 21 other states that supported our agenda, other Democratic candidates now understand that they have got to talk to the needs of the working class of this country,"" he said. ""So we came here to New Hampshire and everybody said our ideas are crazy and wild and extreme and now it turns out, all of the other candidates are saying what we said four years ago."" This is a developing news story. Please check back for updates.",health,ABC News,left
Protesters Want All Philadelphia Police Officers Connected To Alleged Racist Social Media Posts To Be Removed From Streets,"PHILADELPHIA (CBS)   Philadelphia Police officials announced Wednesday that more than 70 officers are now off the street in connection to controversial Facebook posts. Members of the Rally for Justice coalition say more needs to be done and want all the officers connected to be taken off the street. The Rally for Justice coalition held a protest on Thursday that began at City Hall, calling for more action to be taken in the scandal connected to a number of police officers. The group is comprised of civic leaders NAACP members the black clergy and other activists. 72 Philadelphia Police Officers On Administrative Duty Over Alleged Racist And Violent Social Media Posts, Commissioner Says They are not fully happy with the response to hundreds of officers who reportedly posted racist and violent public Facebook posts unearthed by the Plain View Project. ""We support Derrick Green's resolution, calling for hearings on the racist police who posted on Facebook,"" Solomon Jones said, ""and said openly that they hate the people whose communities they patrol."" The group wants city council to intervene on the heels of Philadelphia Police Commissioner Richard Ross's announcement that 72 of the 328 officers involved have been placed on administrative duty. The Rally for Justice coalition showed up in force at the City Council meeting Thursday afternoon. They say they won't be satisfied until all officers involved in this scandal are removed from the streets. ""We know there's several members of council are planning to make statements around this issue, we need them to make a statement and speak up and do what they're hired to do, their job is to represent the people,"" Jones said. 'Get Them Off The Streets': Protesters Demand Hundreds Of Philadelphia Police Officers Accused Of Racist Facebook Posts Be Placed On Desk Duty ""So today, we want our city leaders, who we just voted for to join with us to make certain that the police that do not want to police our community are removed,"" Paula Peebles said. Despite calls for mass firings within the police department, Fraternal Order of Police officials say their officials deserve due process as the investigation plays out. ""We feel that it's excessive to take over 6,000 police officers off the street with the level of violence that's occurring in the city,"" FOP vice president John McGrody said. ""We're also backing the officers here on a daily basis with the interviews. We think the investigation is far too broad."" The FOP concerned that the more officers that are taken off the streets, the more vulnerable the city becomes to the crime wave they say it's already experiencing. FOP members are also upset that action is already being taken before the investigation has concluded.",crime,CBS News,left
the latest: nadler says panel will move quickly on mcgahn,"WASHINGTON   The Latest on Congress and special counsel Robert Mueller's report (all times local): 5:15 p.m. The House Judiciary Committee chairman says his panel will move ""as quickly as possible"" to seek court enforcement of a subpoena against former White House Counsel Don McGahn. New York Democratic Rep. Jerrold Nadler spoke after the House approved a resolution that makes it easier to file lawsuits against witnesses who defy subpoenas. That includes McGahn, who declined last month to provide documents or testimony at the urging of the White House. McGahn is the most-cited witness in special counsel Robert Mueller's report. The resolution passed 229-191 Tuesday, along party lines. Democrats have moved toward lawsuits as they investigate President Donald Trump and his administration. Mueller found no conspiracy between Trump and Russia, but did not clear him of obstruction. __ 4:30 p.m. The House has approved a resolution that will make it easier to file lawsuits against the Trump administration when officials defy subpoenas. The legislation passed 229-191, along party lines. It empowers Democrats to take legal action to enforce subpoenas against Attorney General William Barr and former White House counsel Don McGahn. It also allows committee chairmen to take future legal action without a vote of the full House, as long as they have approval from a bipartisan group of House leaders. Tuesday's vote reflects an evolving strategy for Democrats, who have moved toward lawsuits and away from criminal contempt as they investigate President Donald Trump and his administration. House Speaker Nancy Pelosi said Democrats ""need answers on the questions left unanswered"" by special counsel Robert Mueller's Trump-Russia report. ___ 11:20 a.m. Speaker Nancy Pelosi is brushing back impeachment questions, saying ""it's not even close"" to having enough support among House Democrats for a vote. Pelosi said at a policy conference Tuesday that her ""stock goes up"" when President Donald Trump attacks her, as he did last week. Trump lashed out at Pelosi while both were overseas commemorating the 75th anniversary of D-Day in Normandy. He called her ""Nervous Nancy"" after it was reported she privately told Democrats she'd rather see him voted out of office and ""in prison"" than impeached. Pelosi said she never criticizes the president while abroad and won't do so now because she's ""done with him."" Dozens of House Democrats want Pelosi to start impeachment proceedings from the Trump-Russia report, but she prefers to conduct more investigations. ___ 12:30 a.m. A resolution being voted on in the House would make it easier for Democrats to sue members of President Donald Trump's administration and other potential witnesses who refuse to comply with subpoenas. The House resolution being considered Tuesday would authorize lawsuits against Attorney General William Barr and former White House counsel Don McGahn for defying subpoenas pertaining to special counsel Robert Mueller's report. It would also empower committee chairmen to take legal action to enforce subpoenas in the future without a vote of the full House, so long as they have approval from a bipartisan group of House leaders. The votes aren't technically necessary, as Democrats already can go to court. But a House vote will give them increased standing if they do decide to file lawsuits.",politics,Louisville Courier Journal,left
'WE ARE LIVID!': Mural Honoring Philadelphia Police Officer Killed In Line Of Duty Vandalized,"PHILADELPHIA (CBS)   Neighbors are upset after a mural honoring a fallen Philadelphia police officer was vandalized on Thursday. The mural was dedicated to Sgt. Robert Wilson in 2017. Wilson was killed in the line of duty when he walked in on an attempted robbery at a North Philadelphia GameStop in 2015. Wilson went to the store to buy a gift for his son's birthday. The Philadelphia FOP is offering a $10,000 reward for any information that leads to the arrest of the vandal. ""It's sickening and disgusting that some low-life would deface the mural of hero and fallen-officer, Robert Wilson III,"" said FOP Lodge #5 President John McNesby. ""We will never forget Rob's bravery, courage and valor when he saved lives inside that GameStop store."" 'I'm Disgusted': Family Of Murdered Philadelphia Police Sgt. Robert Wilson III Frustrated With Killers' Plea Deal Denise Hooks, the owner of the Strawberry Mansion building where the mural is painted, is speaking out. ""I don't know if this is a racial slur against the police, or if it's a slur because they want this neighborhood back, but there's something going on around here,"" Hooks said. ""It's terrible because I feel like his mother got to see this, his son got to see this, his sister has to see this and they already buried their son, their father, their brother. We loved Officer Wilson, he was a hero."" Shaki'ra Wilson-Burroughs, the sister of officer Wilson released a statement Thursday night. ""The ignorance and disrespect shown toward police is at an all time high. Learning of the blatant disrespect that has been repeatedly shown toward my brother has resulted in an indescribable emotional reaction. In other words, WE ARE LIVID! One year ago, the DA of this city set this tone of disrespect for the city by slighting Sgt. Wilson, III by offering a backdoor plea and denying him a trial. ""If the DA, top persecutor of this city, can tarnish the efforts and life of a slain officer while backing criminals then, why should any other layman warrant any real respect and keep their memory alive? Stating this is not to take away from the shaming and defacement of Sgt. Wilson's mural. It has enhanced the ignorance and disrespect shown toward our officers as the consequences of such are as minuscule as a slap on the wrist. ""Yes, my brother was an officer of the Philadelphia Police Department. He was also a man who put his life on the line to protect and save the lives of those in that GameStop. He lost his life and, in any capacity, that should be enough to warrant respect."" If you know anything about this graffiti, call police.",crime,CBS,left
george conway urges trump to resign over aborted iran strike,"George Conway blasted President Trump and called for him to resign from office after he walked back a planned military strike against Iran in response to the downing of a U.S. surveillance drone. ""Trump didn't realize UNTIL TEN MINUTES BEFOREHAND that a planned airstrike would kill over a hundred people and would therefore be grossly disproportionate to the loss of a UAV?"" Conway, lawyer and husband of White House counselor Kellyanne Conway, tweeted Friday. ""To say this is amateur hour would defame amateurs."" ""Resign. If you didn't know this until it was almost too late, you're even more of an idiot than people think you are,"" Conway tweeted in response to Trump. ""Do the country and the world a favor. Go back to real estate, where the worst you can do is kill banks."" Trump didn't realize UNTIL TEN MINUTES BEFOREHAND that a planned airstrike would kill over a hundred people and would therefore be grossly disproportionate to the loss of a UAV? To say this is amateur hour would defame amateurs. - George Conway (@gtconway3d) June 21, 2019 Resign. If you didn't know this until it was almost too late, you're even more of an idiot than people think you are. Do the country and the world a favor. Go back to real estate, where the worst you can do is kill banks. https://t.co/k7z9KW4Elt - George Conway (@gtconway3d) June 21, 2019 Conway's comments came after Trump confirmed via Twitter that the U.S. had been ""cocked and loaded"" to retaliate against Iran, but that he called off the mission at the last minute after learning that 150 Iranians would die. ""We were cocked & loaded to retaliate last night on 3 different sights when I asked, how many will die. 150 people, sir, was the answer from a General. 10 minutes before the strike I stopped it, not proportionate to shooting down an unmanned drone,"" Trump tweeted. Iranian officials said Friday that Trump warned them that an attack was imminent. The officials also said Friday that they were informed of the planned attack in a ""short period"" before it was initially scheduled to be carried out. ""In his message, Trump said he was against any war with Iran and wanted to talk to Tehran about various issues,"" one Iranian official said. U.S. and Iranian officials are disputing the location of the drone when it was shot down late Wednesday, with Iran arguing that it had entered the country's airspace. The U.S. Central Command (Centcom) said the U.S. Navy RQ-4A Global Hawk drone was shot down by an Iranian missile system in an ""unprovoked attack."" Centcom denied claims from Iranian officials stating that the drone had flown over Hormozgan Province in southern Iran. ""This attack is an attempt to disrupt our ability to monitor the area following recent threats to international shipping and free flow of commerce, "" Lt. Gen. Joseph Guastella, commander of U.S. Air Forces Central Command, said in a statement. The New York Times reported late Thursday that Trump had ordered a strike overnight against Iran, but pulled back. Following that report, Conway railed against Trump in a late-night tweet that he has since pinned to his Twitter page , slamming the commander in chief as an ""erratic, unstable, incompetent, ignorant, intellectually lazy, narcissistic, and sociopathic man whose judgment no serious, intelligent person trusts.""",science,The Boston Globe,left
Did Jared Kushner Violate the Hatch Act? Democrats Request Investigation After Kellyanne Conway Findings,"The Office of Special Counsel's recommendation last week that Counselor to the President Kellyanne Conway be removed from service for violating the Hatch Act led two Democratic congressman on Monday to demand an investigation into whether the president's son-in-law Jared Kushner similarly broke federal law. In a letter to Special Counsel Henry Kerner, who last Thursday recommended that Trump remove Conway, Representatives Donald Beyer Jr. of Virginia and Ted Lieu of California requested a probe into whether Kushner violated the Hatch Act by ""engaging in prohibited campaign fundraising activities."" The Hatch Act prohibits federal employees from fundraising for political candidates and only the president and vice president are exempt. Butthe congressmen, citing recent media reports, accused Kushner, in his official White House role, of ""taking a direct role in raising funds"" for Trump's reelection campaign. In February, a Trump 2020 campaign release referred to Kushner as ""Senior Advisor and Assistant to the President, and President Trump's son-in-law,"" before being amended to simply, ""President Trump's son-in-law."" Last month, Yahoo reported that Kushner had several discussions per day with Trump campaign manager Brad Parscale and plays a key liaison role. The New York Times then reported a meeting Kushner arranged at the White House with Parscale, the Republican National Committee chair, Treasury Secretary Steven Mnuchin and major donors to talk about the fundraising strategy. ""We have strong reason to believe that Jared Kushner is in violation of both the spirit and the letter of that Act,"" the congressmen wrote. Beyer and Lieu stated that Kushner's ""poor track record of compliance with the spirit of the Hatch Act,"" including the discussions and using his official title in Trump campaign materials, ""merit enhanced scrutiny."" ""Jared Kushner has repeatedly benefited from special treatment; as with his many deceptions regarding his security clearance this is something no rank-and-file federal employee would get away with,"" Beyer tweeted. ""He shouldn't."" Lieu has been a longtime critic of Kushner and his top security clearance, which was revoked and then reinstated against the advice of career national security officials reportedly after Trump intervened. ""National security is more important than party. Jared Kushner lied on his SF-86 form and must lose his security clearance,"" Lieu tweeted in July 2017, along with the hashtag #RevokeKushner. The White House and the Office of Special Counsel did not immediately respond to requests for comment from Newsweek on Monday on the call to investigate Kushner. Trump on Friday refused to fire Conway and defended her by saying, ""it looks to me like they're trying to take away her right to free speech and that's just not fair."" Related Articles Jared Kushner Wanted 2020 Re-Election Campaign Launch At Trump Tower but President Rejected Idea: Report Kellyanne Conway Violated Hatch Act and Should Be Fired, Special Counsel Tells Donald Trump 'ÄãDonald Trump's Refusal to Fire Kellyanne Conway is 'Dangerous' and She Should Resign: Ethics Experts'Äã Sign up to our newsletter and get Newsweek stories delivered to your e-mail",legal arguments,Newsweek,left
"ron desantis signs amendment 4 bill, limiting felon voting","TALLAHASSEE   Gov. Ron DeSantis signed into law Friday evening a controversial bill limiting how many felons will be able to vote, undercutting much of the promise of last year's historic Amendment 4. DeSantis announced the signing in a news release after the close of business before a weekend   one day short of his deadline to sign it. ""I am considering whether to seek restoration of all civil rights to some of those whose rights were restored by Amendment 4,"" DeSantis wrote in a letter to Florida's Secretary of State Laurel Lee. ""However, I would only consider restoring rights to those convicted of non-violent offenses."" DeSantis, however, did not address the most controversial part of the Legislature's bill. The bill passed last month by Florida's Republican-controlled Legislature was called a ""poll tax"" by critics because it requires all felons to pay back their financial obligations before being eligible to vote. Those obligations are expected to disenfranchise hundreds of thousands of felons who can't immediately afford to pay off their court fees, fines and restitution to victims. The bill was a blow to supporters of last year's Amendment 4, which was supposed to wipe out one of the most racist and enduring policies of Florida's Jim Crow era. Nearly two-thirds of voters last year approved the historic amendment. The 150-year-old law preventing felons from voting was created in the wake of the Civil War, and it was meant to keep black people off the voter rolls. VOTING RIGHTS: Florida Legislature approves Amendment 4 bill that creates hurdles for voting felons Amendment 4 will likely cost 'millions' to carry out. Here's why. She owes $59 million. Should she be allowed to vote under Amendment 4? It worked. By 2016, more than one in five black Floridians were ineligible to vote because they were felons. And the process for getting the right to vote back was arduous, requiring, under Gov. Rick Scott, felons to drive to Tallahassee and plead their case before the governor and Cabinet. The amendment voters passed allowed felons to automatically be eligible to vote if they completed ""all terms of their sentence including parole or probation."" Supporters of the amendment argued that the language was simple enough, and that the Legislature didn't need to clarify it further. But county elections supervisors asked lawmakers for guidance interpreting the amendment. For supporters of Amendment 4, the language meant that felons who left prison and completed parole and probation could automatically vote. That would also have been the simplest way to carry it out, too, since the Florida Department of Corrections tracks felons who are still under supervision. But Republican lawmakers took a more restrictive approach. They argued that ""all terms of sentence"" included the various court fines, fees and restitution to victims that felons often have to pay, and that felons would have to repay all of those debts before being able to vote. While some other states have similar policies, it means that some felons will have to wait years to vote, if they can ever vote at all. One woman told lawmakers during the Legislative session that she owes $59 million in restitution, which she'll never be able to repay. And the Republicans' approach is confusing and expensive. Because no state or local agency tracks restitution, lawmakers estimated it would cost ""millions"" to carry out. It goes into effect Monday.     ©2019 the Tampa Bay Times (St. Petersburg, Fla.) Visit the Tampa Bay Times (St. Petersburg, Fla.) at www.tampabay.com Distributed by Tribune Content Agency, LLC.",Voting Rights,The Sacramento Bee,left
"senate confirms judge who attacked roe v. wade, called being transgender 'a delusion'","WASHINGTON ― The Senate voted Wednesday to confirm Matthew Kacsmaryk to a lifetime federal judgeship despite his record of hostility toward LGBTQ rights and abortion rights. The Senate voted 52-46 to put Kacsmaryk, 42, onto the U.S. District Court for the Northern District of Texas. Every Democrat present voted no. Every Republican present but one, Susan Collins (Maine), voted yes. The full vote tally is here . LGBTQ and reproductive rights groups have been protesting Kacsmaryk's nomination for more than a year because of his extreme views on both fronts. Last week, dozens of human rights groups signed a letter opposing him. Kacsmaryk fought against protections for LGBTQ people in employment , housing and health care . He called including protections for LGBTQ people in the Violence Against Women Act ""a grave mistake."" In 2015, when Utah passed nondiscrimination protections, Kacsmaryk called the law "" a bad idea "" because it suggests that discrimination based on sexual orientation and gender identity should be taken as seriously as other forms of discrimination. He signed a 2016 letter that called being transgender ""a delusion."" On reproductive rights, Kacsmaryk opposed the employer contraceptive mandate in the Affordable Care Act and played a lead role in opposing a Washington state law that required pharmacists to provide birth control to women. He also criticized the Supreme Court's decision in Roe v. Wade , describing that case as one in which ""seven justices of the Supreme Court found an unwritten 'fundamental right' to abortion hiding in the due process clause of the Fourteenth Amendment and the shadowy 'penumbras' of the Bill of Rights, a celestial phenomenon invisible to the non-lawyer eye."" (What?) Senate Minority Leader Chuck Schumer (D-N.Y.) wondered aloud how anyone could expect Kacsmaryk to be a fair and impartial judge. He cited bizarre comments Kacsmaryk has made about the Equality Act, a sweeping LGBTQ anti-discrimination bill. ""He labeled the Equality Act a 'public affirmation of the lie that the human person is an autonomous blob of Silly Putty, unconstrained by nature or biology, and that marriage, sexuality, gender identity, and even the unborn child must yield to the erotic desires of liberated adults,'"" Schumer said Wednesday on the Senate floor. ""Why on earth is this man a nominee for a lifetime appointment? Why would my colleagues want to drape black robes over these bigoted views? Our judicial system is designed to protect liberties, not denigrate them."" Kacsmaryk, who is the deputy general counsel for First Liberty Institute, a right-wing Christian advocacy group, sounds like a lot of President Donald Trump's other judicial nominees   young, right-wing ideologues , the vast majority of whom are white men . But even within the homogeneity of Trump's court picks, Kacsmaryk stands out. ""He is one of Trump's most extreme nominees,"" said Carl Tobias, a University of Richmond law professor and an expert on judicial nominations. ""His public statements about LGBTQ people and about abortion suggest that in litigation involving LGBTQ and abortion rights, litigants will have difficulty believing that he will fairly resolve their cases."" Kacsmaryk does have something in common with nearly all of Trump's judicial nominees: He's a member of the conservative Federalist Society, which has been driving Trump's judicial selection process and funneling anti-abortion and anti-LGBTQ nominees to the White House. Senate Majority Leader Mitch McConnell (R-Ky.) has made judicial confirmations his top priority while Trump is in the White House. In the past two and a half years, he has ushered through the confirmations of two Supreme Court justices, 76 district judges and 41 circuit judges. That's more circuit judges than any president has gotten through by this point in a first term. To put that into perspective: 1 in 5 of all of the nation's current circuit judges was nominated by Trump. This article originally appeared on HuffPost .",science,Business Insider,center
"editorial: six months after california's landmark police transparency law, many agencies still won't release their records","Sexual assaults . Planted drugs. Illegal choke holds. We've learned quite a bit about police misconduct in the six months since SB1421 , the landmark transparency bill from state Sen. Nancy Skinner, D-Berkeley, went into effect on Jan. 1. But the biggest thing we've learned is that many police departments believe that compliance with the law is optional. SB1421 requires police departments to release internal affairs records, many of which had been under seal for decades, documenting serious incidents including use-of-force incidents, sustained findings of sexual assault, and sustained findings of police dishonesty. Previous to SB1421's passage, California had some of the strictest confidentiality standards for police records in the nation. But the public has the right to know about these very serious events, which is why it was so important to pass SB1421. Another reason we know why SB1421 is important? So many police departments are resisting compliance. The California Highway Patrol, for example, employs more than 7,300 officers but has yet to produce the records required under the law. Media organizations have reported that their requests to many large police departments, including Long Beach, have not been honored. San Jose, California's third-largest city, hasn't released any of the new law's required, requested documents yet . The San Francisco Police Department has released only documentation from a handful of officer-involved shootings, and no disciplinary records. ""Law enforcement in San Francisco is deliberately sandbagging the release of these records,"" Jacque Wilson, San Francisco's deputy public defender, said at a June 5 police commission meeting . The public defender's office has discussed litigation in an effort to speed along the release of the records. Other police departments have attempted to avoid their responsibilities under the law by charging exorbitant fees for the records. Finally, some police agencies   Fremont and Morgan Hill are among them   destroyed their internal record archives dating before Jan. 1. This is lawless conduct, and it's depriving the public from the right to know about the activities of police in their communities. Police groups even tried to avoid complying with SB1421 by pushing a novel argument in the courts. They claimed that the law did not apply to records dated before 2019. Two different courts ruled against them . But the fact that these groups have had a powerful champion in their attempts to deny the public this information   Attorney General Xavier Becerra   is another signal that this fight isn't going away anytime soon. To her credit, Skinner isn't giving up. She's planning to call for oversight hearings, and has said she's open to amending the bill to require agencies to release records more rapidly. Sadly, both of these actions may be necessary. Another option may be for interested parties   including news media organizations, free speech advocates, and, in some cases, city attorneys   to force compliance through the courts. This action would be expensive, time-consuming and slow. Becerra's obvious bias toward the police groups could prove an obstacle, too. But doing nothing is not an acceptable option. The passage of SB1421 was a hard-fought battle to give the public transparency about police misconduct in their communities. No one   least of all the agencies that have sworn to protect and serve the public   should be allowed to thwart the law. This commentary is from The Chronicle's editorial board. We invite you to express your views in a letter to the editor. Please submit your letter via our online form: SFChronicle.com/letters .",crime,USA TODAY,center
BuzzFeed Journalists Protest in Push for Union Recognition,"(Bloomberg) -- Citing mismanagement, pay disparities and job cuts, BuzzFeed News employees walked off the job on Monday afternoon in the hopes of getting the online-media company to voluntarily recognize their union. Employees in New York, Washington, Los Angeles and San Francisco are taking part in the protests, according to the NewsGuild of New York. Plans for the walkout were first reported by Bloomberg News. Video of the walkout showed BuzzFeed employees standing outside the company's New York office chanting and carrying signs that said ""Recognize the BuzzFeed Union!!"" There was also a giant inflatable rat -- a common form of protest by striking trade unions. The staffers are taking a page from employees at Vox Media, who staged a walkout earlier this month and soon clinched their first labor agreement. Despite four months of negotiations, BuzzFeed News employees and management still can't agree on which workers are eligible to be part of the new bargaining unit -- a question that unions and companies frequently spar over. ""Throughout the process, BuzzFeed has attempted to exclude workers they claim are managerial, supervisory or confidential despite the fact that these journalists neither manage employees nor are privy to confidential information,"" according to the statement. Job Cuts BuzzFeed News staffers agreed to unionize in February, saying they would seek better benefits and fair pay after seeing some colleagues lose their jobs the prior month. Since then, they've been calling on BuzzFeed's management to recognize their union. ""We have legitimate grievances about unfair pay disparities, mismanaged pivots and layoffs, weak benefits, skyrocketing health insurance costs, diversity, and more,"" the BuzzFeed News Organizing Committee said in a statement. In a note to staff Monday, BuzzFeed Chief Executive Officer Jonah Peretti said the company's journalists refused to accept an offer on June 4 and are ""seeking to impose additional demands that threaten our progress around voluntary recognition."" He said the company needed a way to identify employees who are included and excluded from the bargaining unit. ""Our proposal is both responsive to our employees' requests, and mindful of the way the company operates,"" Peretti said. In January, BuzzFeed eliminated 15% of its headcount, part of a wave of layoffs at media outlets this year. Publishers like BuzzFeed, once the darlings of the media industry, have struggled to find profitable business models. The tumult has led journalists at several media outlets to opt for collective bargaining. While that hasn't prevented layoffs, it has in some cases cushioned the blow. For instance, agreements can help ensure that workers who lose their jobs get severance pay. Hundreds of Vox Media employees walked off the job earlier this month. A day later, they reached a tentative labor agreement. The union contract includes minimum salary guarantees and four months of paid parental leave, among other things. (Updates with Peretti's note to staff in eighth paragraph.) --With assistance from Josh Eidelson. To contact the reporter on this story: Gerry Smith in New York at gsmith233@bloomberg.net To contact the editor responsible for this story: Nick Turner at nturner7@bloomberg.net For more articles like this, please visit us at bloomberg.com ©2019 Bloomberg L.P.",politics,Bloomberg,center
DC mayor says Trump's Fourth of July celebration emptied security fund,"AP Domestic Nation's capital holds its Independence Day Parade The nation's capital held its Independence Day Parade along historic Constitution Avenue with the backdrop of the Washington D.C monuments. (July 4) WASHINGTON   District of Columbia Mayor Muriel Bowser government says that the cost of President Donald Trump's Fourth of July celebration and the cost of addressing recent protests has emptied out a municipal fund used to provide security for public events and defend against terrorist threats. In a letter to Trump dated July 9, Bowser says the city spent about $1.7 million on Trump's ""July 4th holiday activities and subsequent first amendment demonstrations,"" as a result, the city's Emergency Planning and Security Fund (EPSF) will likely be empty before the end of the fiscal year. Bowser asked for the Trump administration's help in covering D.C.'s security costs, citing ""declining reserves, increased demand for heightened security, and a one-time draw down of $7.3 million to cover security costs associated with the 2017 Presidential Inauguration."" More: 'This says something': Thousands gather in Washington for Donald Trump's 4th of July celebration More: 'Are you proud to be an American?' Why Trump's 4th of July was a tale of three different celebrations More: 'Nothing America cannot do': Donald Trump touts U.S. military strength in 4th of July speech ""This large, one-time cost has been compounded by Congress only appropriating approximately $13 million to the EPSF for the past few years (when our annual expenditures near $16.5 million), and some unplanned large events such as the state funeral for the late President George H.W. Bush,"" Bowser added. ""As we continue to gather estimates for the next Inauguration, we ask for your help with ensuring the residents of the District of Columbia are not asked to cover millions of dollars of federal expenses and are able to maintain our high standards of protection for federal events,"" Bowser concluded. Trump's Fourth of July speech marked a departure from tradition as it included tank displays, plane flyovers, fireworks, and a speech from the president. Trump's critics had argued the speech threatened to politicize what had previously been a nonpartisan holiday tradition. Demonstrators brought along a ""Baby Trump"" balloon and a ""Dump Trump"" robot to protest the president. More: Flag burning in front of White House leads to scuffle amid 4th of July celebrations More: Far-right extremists Proud Boys outnumbered by counter-protesters at Washington, DC, rally Some protests grew more heated. A brief scuffle broke out outside the White House following a flag-burning protest on July 4, and dueling protests and counter-protests between the Proud Boys and Antifa and other counter-protesters took place on July 6. More: Like what you're reading? Download the USA TODAY app for more This article originally appeared on USA TODAY: DC mayor says Trump's Fourth of July celebration emptied security fund",politics,USA TODAY,center
Protest in Madrid as conservatives suspend ban on most polluting cars,"MADRID (Reuters) - Thousands protested in Madrid on Saturday against the suspension of curbs on polluting cars by the new conservative city hall, raising fears that environmental rollbacks seen in the United States may be spreading to Europe. The first reversal of environmental policies by a major European city comes despite soaring global environmental concerns and is a fresh sign of growing divisions in Spain after a series of inconclusive elections in April and May. Last November Madrid's then far-left government banned most petrol and diesel cars from its center to tackle high levels of nitrogen dioxide. The policy was known as ""Madrid central"" and it was intended to bring Madrid into line with EU clean air rules which it had been violating since 2010. ""Yes we can, I do want Madrid central,"" chanted the protesters. Some were holding banners that read ""I want to breathe free"" and ""We aspire to have a Madrid without smoke"". ""We have to save (the planet) starting at the local and small level, the first thing is Madrid's center,"" said Laura Martin, a 39-year-old actress. She added that she was concerned that the new Madrid government might have some similar ideas to U.S. President Donald Trump's rollback of environmental policies, such as weakening rules limiting carbon emissions from power plants and standards on harmful gas emissions from cars and trucks. People of all ages rallied despite a scorching heatwave in Spain and most of Europe, which had already forced the city of Paris to ban more than half of all registered cars from its roads earlier this week because the heat worsens pollution. Various European cities including Paris, Hamburg, Amsterdam, London and Oslo have started to penalize or ban older polluting cars as they seek to phase out all fossil fuel cars in the coming decade. Environmental groups including Greenpeace say the ""Madrid central"" measure slashed air pollution levels from car emissions in the center to record lows. The new city hall run by the conservative People's Party suspended fines on cars entering the currently restricted area of around five sq km (two sq miles) from July 1, while it reviews the plan to make it ""compatible with citizens' mobility needs"". ""As far as I know at the European level there's no precedent in ending a car traffic restriction,"" said Lara Lazaro, researcher of the Real Instituto Elcano. The European Commission has warned Spain that it would face sanctions and a possible lawsuit if it fails to meet air quality standards in its largest cities of Madrid and Barcelona. (Reporting by Elena Rodriguez, writing by Andrei Khalip and Joan Faus; Editing by Stephen Powell)",environmental issues,Reuters,center
tutankhamun sculpture's london auction sparks egyptian outcry,"A 3,000-year-old head sculpture of an eternally-young Tutankhamun -- the Egyptian pharaoh known as King Tut -- goes under the hammer this week in London despite an outcry from Cairo. Christie's expects the 28.5-centimetre (11-inch) brown quartzite relic from the Valley of the Kings to fetch more than £4 million ($5.1 million, 4.5 million euros) on Thursday. The Financial Times reported that it was the first such Egyptian statuette to go on the market since 1985. The pharaoh's finely-chiselled head -- its serene eyes and puffed lips emoting a sense of eternal peace -- comes from the private Resandro Collection of ancient art that Christie's last sold in 2016 for £3 million. But Egyptian authorities overseeing the north African country's unparalleled collection of antiquities want to see the auction halted and the treasure returned. ""The Egyptian embassy in London requested the British foreign affairs ministry and the auction hall to stop the sale,"" Egypt's foreign ministry said on June 10. Former antiquities minister Zahi Hawass told AFP on Sunday that the piece appears to have been ""stolen"" in the 1970s from the Karnak Temple complex of Egypt's great monuments. ""The owners have given false information,"" he said in a telephone interview. ""They have not shown any legal papers to prove its ownership."" The French-owned British auction house explained that the current lot was acquired by Resandro from a Munich-based dealer in 1985. It traces its prior origins to the 1973-74 acquisition by another dealer in Austria from the Princely House of Thurn and Taxis in modern-day Germany. The trail peters out shortly afterwords and little is known to the public about how the statue found its way to Europe. ""Ancient objects by their nature cannot be traced over millennia,"" Christie's said in a statement released to AFP. ""It is hugely important to establish recent ownership and legal right to sell which we have clearly done,"" it added. ""We would not offer for sale any object where there was concern over ownership or export."" Britain's Foreign Office has been in touch with Egyptian authorities but is not expected to intervene. - 'Legitimate market' - Tutankhamun is thought to have become a pharaoh at the age of nine and to have died about 10 years later. His rule would have probably passed without notice were it not for the 1922 discovery by Britain's Howard Carter of his nearly intact tomb. The lavish find revived interest in ancient Egypt and set the stage for subsequent battles over ownership of cultural masterpieces unearthed in colonial times. International conventions and the British government's own guidance restrict the sale of works that were known to have been stolen or illegally dug up. The British Museum has been wrangling for decades with Greece over its remarkable room full of marble Parthenon friezes and sculptures. Egypt's own campaign to recover lost art gained momentum after numerous works went missing during the looting that accompanied former president Hosni Mubarak's fall from power in 2011. The late Egyptian strongman turned the existing supreme council of antiquities into a separate ministry in the last year of his rule. It has worked with the Los Angeles-based Getty Conservation Institute to mend Tutankhamun's tomb from the damage it sustained from swarming tourists over recent years. The ministry also asked the UN cultural body UNESCO to halt Christie's sale. But Egypt has been unable to substantiate its case with firm proof that the bust was illegally obtained. The London auction house said in its defence that there was a ""legitimate market for works of art of the ancient world in which Christie's has participated for generations"".",health,Associated Press,center
meghan markle has been branded 'difficult' by tabloids. it's the same sexism that demonizes driven women in the workplace.,"Tabloids have reported that Meghan Markle is known among palace staff as ""duchess difficult,"" Me-Gain,"" and ""Hurricane Meghan."" She has been said to send emails to her staff at 5 a.m. and ""bombards"" her aides with texts. Disparaging a member of the royal family for having too many ideas or caring too much about charity work is ridiculous. It rings of the sexism that often demonizes driven women as ""abrasive"" or ""bossy"" while men are praised for being ""aggressive."" People love tearing down powerful women by dismissing them as difficult divas. Visit INSIDER's homepage for more stories. Kensington Palace is notoriously tight-lipped about rumors regarding members of the royal family. But throughout Meghan Markle's first year as a royal, reports have surfaced featuring unflattering nicknames for the Duchess of Sussex such as "" duchess difficult, "" "" Me-Gain, "" and "" Hurricane Meghan ."" The supposed grievances that have earned Markle these titles include waking up at 5 a.m., ""bombarding"" her aides with texts , and holding ""undercover"" meetings with British citizens affiliated with charitable causes. Angela Levin, royal biographer and author of ""Harry: Conversations with the Prince,"" also said in the CBS special ""Harry and Meghan Plus One"" that Markle is ""not popular"" among Prince Harry's friends because ""they seem to think that she's running the show."" Indeed, Markle is already the patron of four different organizations, two of which were handed down to her directly by Queen Elizabeth . She's also been known to break royal protocol when interacting with the public the way Princess Diana often did. She opts for hugs over handshakes, wears pantsuits instead of more traditional royal formal wear , and is a proud feminist which is perhaps enough to ruffle some feathers in British high society. Read more : Every time Meghan Markle broke royal protocol Controversy surrounding Markle's role in the royal family is not new Even before she and Harry were engaged, Markle was subject to such a volatile "" wave of abuse and harassment "" from members of the press and anonymous trolls that Harry's communications secretary issued a rare statement condemning the ""outright sexism and racism"" she faced. The scrutiny has only intensified since the royal couple married last year and welcomed their son Archie in May, thrusting them even further into the public eye. These days, Markle is being labeled ""difficult"" and unpopular because it seems that she's ""running the show."" This type of gender bias is also not new. Disparaging Markle for having too many ideas or caring too much about charity work rings of the sexism that often demonizes driven women A 2012 study published in Research in Organizational Behavior found that descriptive gender stereotypes (ideas about what women are like) and prescriptive gender stereotypes (ideas about what women should be like) impede women's professional advancement . When women exhibit a more assertive leadership style stereotypically associated with men, they face ""disapproval and social penalties"" that keep them from getting promoted. One study of women in tech published in Fortune found that women are more often called ""abrasive"" and ""bossy"" in performance reviews while men are praised for being ""aggressive."" A Skyline Group International report also found that "" Women who check detailed progress every day are seen as micromanaging and bossy "" and that ""employees are more receptive to women in leadership who present themselves with poise and authenticity."" All of Markle's supposed transgressions - waking up early, sending ideas and delegating tasks to her staff, holding meetings with potential partners - sound like a woman with ambition. What's truly ""difficult"" is why people feel the need to ridicule her for it. Read more: Prince Philip reportedly told Prince Harry not to marry Meghan Markle because 'one steps out with actresses, one doesn't marry them' Meghan Markle has overtaken Kate Middleton as the most influential royal style icon, according to a fashion search platform Every time Meghan Markle broke royal protocol Meghan Markle's official job title is 'Princess of the United Kingdom.' Here's what her role actually involves",crime,Chicago Tribune,center
Biden criticizes Amazon for paying $0 in corporate taxes,"Former Vice President Joe Biden on Thursday criticized online retail giant Amazon for paying nothing in corporate taxes last year, making him the latest presidential candidate to slam one of the most profitable companies over its effective tax rate of below zero. "" I have nothing against Amazon, but no company pulling in billions of dollars of profits should pay a lower tax rate than firefighters and teachers,"" Biden tweeted. ""We need to reward work, not just wealth."" I have nothing against Amazon, but no company pulling in billions of dollars of profits should pay a lower tax rate than firefighters and teachers. We need to reward work, not just wealth. https://t.co/R6xaN3vXGT - Joe Biden (@JoeBiden) June 13, 2019 A report from the Institute on Taxation and Economic Policy earlier this year found that 60 Fortune 500 companies, including Amazon, avoided paying any federal income taxes in 2018. Amazon, which had $11.2 billion in profits last year, has become a prime target for Democrats seeking to criticize corporate power, potentially anticompetitive practices and dangerous working conditions. The company has been accused of mistreating warehouse workers, and it's facing multiple lawsuits from former employees who said they were treated inhumanely at the facilities. Amazon has said it treats its workers fairly. Biden jumped into the fray earlier this week, slamming the company at a campaign stop in Iowa on Tuesday. ""I've got nothing against Amazon,"" Biden said . ""But they should pay a few taxes, you know what I mean? What happens? It's all you guys. No, I'm serious."" In a statement to The Hill, an Amazon spokesperson defended the company's record on taxes. ""Amazon pays all the taxes we are required to pay in the U.S. and every country where we operate, including paying $2.6 billion in corporate tax and reporting $3.4 billion in tax expense over the last three years,"" the spokesperson said in a statement. ""The government has designed corporate tax law to encourage businesses of all sizes to invest in the U.S. economy to drive growth and create jobs."" The spokesperson added that the company invested more than $50 billion and created 45,000 full-time, full-benefit jobs last year. Biden's remark that he has ""nothing against Amazon"" raised eyebrows, as it comes amid a furious backlash in Washington against the country's top tech giants. Lawmakers and advocates have accused Amazon of wielding its corporate power to the detriment of other companies and workers. Sen. Elizabeth Warren (D-Mass.) has called for the government to break up Amazon, criticizing the company for running an online retail store while also selling products on the platform. "" Amazon crushes small companies by copying the goods they sell on the Amazon Marketplace and then selling its own branded version,"" Warren wrote in a blog post laying out her plans to break up tech companies like Facebook and Google. Sen. Bernie Sanders (I-Vt.) has taken Amazon to task over its working conditions, among other things. The company has also drawn the ire of President Trump, who has insulted CEO Jeff Bezos, who also owns The Washington Post. The president has accused the Post of being biased against him. Earlier this week, Trump accused Amazon of colluding with Democrats to ""discriminate"" against him. Updated at 12:35 p.m.",politics,The Hill,center
trump vows to cure cancer and eradicate aids,"As President Trump officially kicked off his 2020 campaign in Orlando Tuesday night, he made sweeping promises to tackle two of mankind's most dreaded diseases. In front of the crowd at a packed Amway Center, Mr. Trump said his administration would work to cure cancer and again vowed to eradicate AIDS if he's elected to a second term. The president spent much of his speech attacking familiar foes and restating his position on issues like immigration. But he also said his administration will ""come up with the cures"" to devastating diseases. ""We will push onward with new medical frontiers,"" Mr. Trump said. ""We will come up with the cures to many, many problems, to many, many diseases including cancer and others. And we're getting closer all the time."" The remarks came after his son, Donald Trump Jr., mocked Democratic presidential candidate and former Vice President Joe Biden for making a similar promise to cure cancer. ""Wow, why the hell didn't you do that over the last 50 years, Joe?"" Trump Jr. tweeted. Biden, whose son Beau Biden died from brain cancer in 2015, founded the Biden Cancer Initiative and told the crowd at a recent campaign event in Iowa, ""I promise you, if I'm elected president, you're going to see the single most important thing that changes America   we're going to cure cancer."" In 2018, an estimated 1,735,350 new cases of cancer were diagnosed in the United States and 609,640 people died from the disease, according to the American Cancer Society 's latest statistics. President Trump also called attention at his rally to the fight against HIV and AIDS. In his State of the Union address earlier this year, he vowed to eradicate AIDS by 2030   though critics pointed out his budget proposal the previous year sought to divert money away from HIV/AIDS research to fund detention centers for undocumented immigrant children. In its 2020 budget proposal, the Trump administration has requested $291 million for the first phase of an initiative to reduce new HIV infections in the U.S. The budget also calls for an increase in funding for the Ryan White HIV/AIDS Program, to pay for health care services and support, and another $50 million to expand access to the anti-HIV drug regimen known as PrEP . ""We will eradicate AIDS in America once and for all   and we are really close,"" the president said at his Orlando rally. Approximately 1.1 million people in the U.S. are living with HIV today, according to the Centers for Disease Control and Prevention . Some observers couldn't help but wonder about the feasibility of the president's big promises, which also included a vow to send astronauts to Mars. In this single clip, Trump promises to cure cancer, AIDS, and ""lay the foundation"" for a Mars landing -- all in his second term pic.twitter.com/aLZqbx2p3N   Aaron Rupar (@atrupar) June 19, 2019 Mr. Trump, who has called for the creation of a military Space Force , also spoke again about sending astronauts to the Red Planet. ""We will lay the foundation for landing American astronauts on the surface of Mars,"" he said at Tuesday night's rally.",legal arguments,USA TODAY,center
donald trump's criminal justice reform shows results,"Most people are not aware of the First Step Act, signed into law by President Trump in December of 2018. It is a major achievement in improving the criminal justice system, long overdue. This law seeks to incentivize prison inmates to participate in training programs targeted at increasing opportunities once released. Participation can earn as many as 47 days per year knocked off their sentences. Inmates also earn lighter sentences while ensuring, after release, they will become a productive member of society. We all want to see criminals pay their debts for committing crimes, particularly violent felonies. No argument there. But imposing extreme sentences on people who will spend 20 to 50 years behind bars does nothing to rehabilitate. Rather, it further reduces opportunities for ex-inmates to become productive citizens. Some want to see criminals enter prison for decades. But we forget that most of those inmates will be coming out one day, with nothing but the clothes on their backs. Not everyone has family members or friends. Not all have support systems. Many are released without any source of income. Ricky L. was a 31-year-old armed robber who had spent nearly 90% of his adult years in prison. He had no friends or family. No money, no transportation. When he applied for jobs, he was rejected because of his felony record. Finally, he resorted to committing a series of crimes in hopes of getting caught. Still free, he checked himself into a hospital and confessed to doctors. Ricky wanted to go ""home."" He didn't know how to be free. He died in prison. The president deserves kudos for his latest efforts in tackling long overdue needs of the criminal justice system in America. At a White House event this month, President Trump was joined by Tennessee Gov. Bill Lee and justice reform advocate and TV star Kim Kardashian West, who was a key figure in obtaining the release of Matthew Charles from a Tennessee prison. Charles spent two decades incarcerated for selling crack cocaine. Legislators and judges are certainly concerned about getting elected, or re-elected. A death knell against winning at the polls is to appear ""soft on crime,"" generally measured in sentencing practices. That, in turn, results in many years behind bars accomplishing nothing. Judges are subject to following rules. Sentences for many felonies are spelled out in minimum mandatory guidelines from which judges cannot ignore. The First Step Act helps judges circumvent minimum mandatories, in appropriate situations. Too often, an 18-year-old makes a mistake for which he will pay until he's 90 years old. Charles was the first person to be released under the First Step Act. According to the National Review, another 1,151 crack cocaine sentences have been reduced. With Trump by her side, Kardashian West announced that she has also been working on a ride sharing program to help former inmates get transportation to jobs and/or interviews. I have often written about the extreme and morally damaging sentencing practices of the modern era. Our prison system is supposed to be a source of rehabilitation, when in fact, it is little more than a system for warehousing human beings. Yes, we want bad people punished. Their victims deserve that. But we also must deal with the final outcome at the end of that tunnel. Overall, warehousing is a costly endeavor. According to the Vera Institute of Justice, taxpayers spend an average of $31,000 per year, per inmate. California's average is $60,000. That does not take into account the population of aging inmates, where costs run much higher. The prison population has now soared to roughly 131,000 inmates over age 55. That's a lot of medical expenses. America houses approximately 2.3 million people in jails and prisons. Prison rates in the U.S. are the world's highest at 724 per 100,000. Russia is second, at 581 per 100,000. We need to do better. The First Step Act is a great start. Marshall Frank is a retired police captain from Miami-Dade County, author and frequent contributor. Visit marshallfrank.com. This article originally appeared on Florida Today: Donald Trump's criminal justice reform shows results",politics,National Review,right
GOP lawmaker suggests Colin Kaepernick move to a different country,"Rep. Mo Brooks, an Alabama Republican, suggested former NFL quarterback Colin Kaepernick should consider moving to another country if he is unhappy with the United States. When asked to weigh in on the controversy over Nike sneakers with a Revolutionary War-era flag, Brooks told SiriusXM Patriot's Breitbart News Tonight that Kaepernick ""ought to consider moving to a country where he believes the laws are better for his purposes."" Kaepernick, who is well known for his political activism, made headlines last week when he complained to Nike, who sponsors him, about their ""Air Max 1 Quick Strike Fourth of July"" trainer because it featured an image of the Betsy Ross version of the American flag. He told the company it shouldn't sell a shoe with a symbol that he and others consider offensive because the flag marked an era when slavery existed in the United States, according to the Wall Street Journal . After the company shipped the shoes to retailers, Nike asked for them to be returned. In a statement, Nike spokeswoman Sandra Carreon-John said, ""NIKE made the decision to halt distribution of the Air Max 1 Quick Strike Fourth of July based on concerns that it could unintentionally offend and detract from the nation's patriotic holiday."" The Betsy Ross American flag is the nickname for the design of 13 stars that represents the 13 colonies arranged in a circle. It has been used periodically by some white supremacist groups such as the Ku Klux Klan, but it does not appear in the Anti-Defamation League's database of hate symbols and is widely seen as a patriotic flag that even appeared at former President Barack Obama's second inauguration. Brooks said there are some ""very radical people in the United States of America who don't like America."" ""They don't like the foundational principles that have made us a great nation, and I would put Mr. Kaepernick in that category ... In my mind, perhaps he ought to consider moving to a country where he believes the laws are better for his purposes,"" he continued. ""I doubt he will do that because in this country we've had over a million Americans die fighting for our liberties. All of these things that we enjoy he seems to frown upon, and so I just assume he'd leave.""",politics,Breitbart News,right
Trump hits polling on Fox News: 'Something weird going on at Fox',"President Trump on Monday dismissed a new poll from Fox News that showed him losing to multiple 2020 Democratic presidential candidates, saying ""something weird"" is happening at the network favored by conservatives. . @FoxNews Polls are always bad for me. They were against Crooked Hillary also. Something weird going on at Fox. Our polls show us leading in all 17 Swing States. For the record, I didn't spend 30 hours with @abcnews , but rather a tiny fraction of that. More Fake News @BretBaier - Donald J. Trump (@realDonaldTrump) June 17, 2019 Fox News on Sunday released a poll that showed Trump trailing five Democratic presidential contenders in hypothetical 2020 match-ups. The survey showed former Vice President Joe Biden leading Trump by 10 points. It also showed Sen. Bernie Sanders (I-Vt.) carrying a 9-point lead in a hypothetical head-to-head match-up. Three other Democratic candidates - Sen. Elizabeth Warren (D-Mass.), Sen. Kamala Harris (D-Calif.) and South Bend, Ind., Mayor Pete Buttigieg - also polled ahead of Trump, albeit within the survey's margin of error. A Quinnipiac University survey released last week also showed Trump trailing a number of Democratic contenders, including Biden by 13 points. Trump has repeatedly downplayed recent polling of his 2020 election prospects in the last week. The president tweeted earlier Monday that ""only fake polls"" showed him behind 2020 Democrats, referring to them as a ""Motley Crew."" ""We are looking really good, but it is far too early to be focused on that,"" he said. ""Much work to do! MAKE AMERICA GREAT AGAIN!"" The new comments from Trump came just a day after news surfaced that his campaign had cut ties with some of its pollsters following a leak of internal surveys that showed Trump trailing Biden in multiple key states. Trump is known to have a cordial relationship with many Fox News personalities and has appeared on the network more than any other. But he has increasingly criticized it over its campaign coverage, particularly when it chooses to cover 2020 Democrats. He said in May that Fox News host Chris Wallace was ""wasting airtime"" by hosting a town hall with Buttigieg. ""Fox is moving more and more to the losing (wrong) side in covering the Dems,"" he said, adding, ""They forgot the people who got them there.""",politics,Fox News,right
"'if you're directly complicit in spreading hate, consider dining at home': restaurant owner who kicked sarah sanders out last year defends chicago server who spat on eric trump in a cocktail bar","The Virginia restaurant owner who kicked Sarah Huckabee Sanders out of her restaurant last year is defending the Chicago cocktail bar server who spat in Eric Trump's face last week, saying politicians involved in 'spreading hate' should consider dining at home. Stephanie Wilkinson made headlines last year when she booted Sanders out of her restaurant the Red Hen in Lexington, Virginia. Now she's backing the unnamed server at the upscale Chicago bar The Aviary who spat in Eric Trump's face as he walked in on Tuesday night and was briefly detained by Secret Service agents. Wilkinson says restaurants are 'a part of the soundstage for our ongoing national spectacle'. 'Whether the bar or restaurant serves merely as the backdrop... or takes an active role in the drama, as was the case with Cracker Barrel, Aviary or my restaurant last June, the business involved inevitably comes under attack,' Wilkinson wrote in an opinion piece for the Washington Post published Friday. 'A portion of the public will scold owners and managers about ""staying in their lane"" and express chagrin at the loss of a perceived ""politics-free zone,""' she added. Despite an open service policy where it's illegal to deny someone service because of their race, religion or national origin, Wilkinson says eateries have the right to refuse service. 'If you're an unsavory individual - of whatever persuasion or affiliation - we have no legal or moral obligation to do business with you,' she said. She added that the high-profile clashes usually have nothing to do about the meals themselves. 'It's more often a frustrated person (some of whom are restaurant employees) lashing out at the representatives of an administration that has made its name trashing norms and breaking backs,' she said. 'Not surprising, if you think about it: You can't call people your enemies by day and expect hospitality from them in the evening,' she added. Wilkinson closed her op-ed saying that when the world returns to 'its normal axis' there will be less 'highly charged encounters' making headlines. But for now her message is clear. 'In the meantime, the new rules apply. If you're directly complicit in spreading hate or perpetuating suffering, maybe you should consider dining at home,' she said. 'For the rest, your table is waiting,' she added. Wilkinson's bold move to ask Sarah Sanders to leave the Red Hen in June 2018 when she arrived with seven family members was met with public outrage and support. Following the incident Sanders tweeted about the encounter saying she 'politely left' and '[Wilkinson's] actions say far more about her than about me. I always do my best to treat people, including those I disagree with, respectfully and will continue to do so.' Wilkinson said that her employees felt uncomfortable having Sanders there and took a vote before asking her to leave. On Tuesday June 25 Eric Trump was visiting Chicago for work when he walked into the upscale Aviary bar - run by the famed chef Grant Achatz. After entering a female server approached him and allegedly spat on him. U.S. Secret Service took that employee into custody and Chicago Police arrested her. Eric then asked Chicago Police to let her free when told she would otherwise be charged. Alinea Group, which runs the bar, says that the employee has been placed on leave.",politics,Boston Herald,right
"Donald Trump Jr. mocks Roy Moore after campaign announcement, reigniting feud","The president's son took another shot at Alabama Judge Roy Moore on Thursday, alluding to sexual misconduct allegations the Republican senate candidate faced during his run in 2017. Donald Trump Jr.'s criticism came in response to a report that Moore said he would improve on his previous run by engaging in ""more personal contact with people."" ""This can't be real... can it? Based on the allegations I'd stay away from that but hey I'm new to this,"" Trump Jr. tweeted. This can't be real... can it? Based on the allegations I'd stay away from that but hey I'm new to this. https://t.co/IH4jJUmdHR   Donald Trump Jr. (@DonaldJTrumpJr) June 20, 2019 Moore announced his 2020 candidacy on Thursday despite leading Republicans criticizing him and President Trump publicly saying he couldn't win. ""Can I win?"" Moore said at his announcement on Thursday . ""Yes, I can win. Not only can I, they know I can. That's why there's such opposition."" Trump Jr. also disputed Moore's claim that he wasn't ""going against"" his father with his decision to run. ""This is pure fake news. I can assure everyone that by running, Roy Moore is going against my father and he's doing a disservice to all conservatives across the country in the process,"" Trump Jr. tweeted on Thursday. In May, he also mocked Moore after he teased another Senate bid. ""You're literally the only candidate who could lose a GOP seat in pro-Trump, pro-USA ALABAMA,"" Trump Jr. tweeted. ""Running for office should never become a business model. If you actually care about #MAGA more than your own ego, it's time to ride off into the sunset, Judge."" You mean like last time? You're literally the only candidate who could lose a GOP seat in pro-Trump, pro-USA ALABAMA. Running for office should never become a business model. If you actually care about #MAGA more than your own ego, it's time to ride off into the sunset, Judge. https://t.co/Twg9isFRkY   Donald Trump Jr. (@DonaldJTrumpJr) May 28, 2019 Republicans in Washington have made clear they don't want Moore to run again, saying they believe any other Republican will beat Jones in 2020. The National Republican Senatorial Committee has said its motto in the race is ""ABRM,"" which stands for ""anyone but Roy Moore."" ""We believe most Alabama Republicans realize that nominating Roy Moore would be gift wrapping this Senate seat for Chuck Schumer,"" Jack Pandol, a spokesman for the Senate Leadership Fund, which is aligned with Senate Majority Leader Mitch McConnell, said Thursday. ""It remains to be seen whether Moore can escape his baggage without his candidacy collapsing under its own weight, regardless of what groups on the outside do."" Fox News' Alex Pappas contributed to this report.",politics,Fox News,right
"RMV Fail: 546 license suspensions, more to come","The Registry of Motor Vehicles let tens of thousands of alerts on Massachusetts drivers' violations in other states accumulate for more than a year, unprocessed in 53 bins, in a deadly bureaucratic failure that Gov. Charlie Baker admits has tested public confidence in his administration. In a stunning press conference detailing the scope of the crisis Monday, Baker and Transportation Secretary Stephanie Pollack laid out the registry's failures revealing no one at the RMV was doing the required manual checks on license infractions from out of state   a backlog dating to March 2018. ""No registry employees had been tasked with the job of monitoring that queue,"" Pollack said. That backlog included West Springfield trucker Volodymyr Zhukovskyy, accused of killing seven motorcyclists in New Hampshire on June 21, despite a Connecticut OUI arrest on May 11 that should have triggered an automatic license suspension. As of Monday, a total of 546 drivers have now been suspended based on previously overlooked out-of-state notices. When asked about how people could trust his administration's transportation management after major failings at the RMV and MBTA, Baker replied, ""We have a lot of work to do to earn back some of that."" Pollack, when asked whether she intended to resign as RMV chief Erin Deveney did last week, told reporters, ""The governor has asked me to fix this, and I'm going to fix it."" Baker said he has launched an independent audit of the Registry of Motor Vehicles with findings due in 60 days. More suspensions are expected as officials go through tens of thousands of out-of-state notices that were filed and forgotten in 53 bins in the RMV's Quincy headquarters. ""The RMV failed to act on critically important information that had been previously communicated by another state,"" Baker said. ""This failure is completely unacceptable to me, to the residents of the commonwealth who expect the RMV to do its job and track drivers' records."" Pollack said the responsibilities for the state-to-state communications shuffled around within the registry   and ultimately fell by the wayside in March 2018, for some unknown reason, when people stopped dealing with the notifications altogether. Pollack said the RMV has ""worked around the clock"" to address the backlog. Acting Registrar Jamey Tesler is heading the internal scrub. Most of the paper notifications are moving violations that would not automatically lead to suspension, Pollack added, but work is ongoing to find violations that might warrant suspension. There was no information available about whether any of those drivers who shouldn't have been on the road have been involved in any crashes. Baker said the secretary and acting registrar have taken some ""immediate steps"" to address the failure by establishing a new process to implement same-day processing of new out-of-state violations and establishing a dashboard so that registry managers have the information available in ""real-time."" Related Articles Timeline of the RMV's fatal failure Lawyers: State could be sued for letting dangerous drivers stay on the road Sorry Charlie, your third-term dream just collided with the RMV Jarheads leader slams RMV; 'Someone's dropping the ball' Investigation reveals thousands of notifications awaiting review at RMV; outside audit planned Pollack said an initial review of the state's 115,000 commercial licenses in the system will be expanded to include all of the roughly 5.2 million licensed drivers in the state, which would run them all directly against the national databases. MassDOT officials wouldn't say whether any RMV employees have been disciplined for the deadly oversight or why the out-of-state violation responsibilities had moved around within different RMV offices, and was ultimately abandoned. House Speaker Robert DeLeo said he is waiting to see whether the Legislature needs to act. ""We're anxiously awaiting to see exactly where there may have been a failure in the system,"" DeLeo said. ""Once we have more of the information, as provided by some of the initial investigations, I think we'll be in a better place to decide.""",legal arguments,Boston Herald,right
Killer of 16-year-old New York girl in 1980 released on parole despite outrage,"A New York man convicted of brutally murdering a 16-year-old girl in 1980 was released from prison Monday despite outrage from community members and criticism from the state's former governor. Richard LaBarbera, 66, walked free 38 years after he began serving a sentence of 25 years to life for the second-degree murder of Paula Bohovesky. 'SO HIDEOUS' THAT 16-YEAR-OLD NEW YORK GIRL'S KILLER IS BEING RELEASED, PATAKI SAYS IN PLEA TO CUOMO Bohovesky, an honors student, was walking home from her part-time job at the library on Oct. 28, 1980, in Pearl River, a quiet community some 30 miles north of New York City. Police say she was hit in the head with a concrete block, raped twice, strangled and stabbed five times just a block away from her home by LaBarbera and Robert McCain what the local medical examiner described as the most brutal murder he had ever seen. Both men were given the toughest sentence available at the time and had previously been denied parole every two years since becoming eligible in 2005. However, last month, LaBarbera was granted parole in a hearing with three members of the state's 12-person parole board while McCain, now 58, was denied parole . A non-profit organization ""Petition for Paula"" filed a lawsuit last week in New York Supreme Court along with the victim's mother, Lois Bohovesky , demanding that LaBarbera be given another parole hearing in front of all 12 members and that his scheduled release be delayed because full transcripts of the decisive hearing have not been released. The lawsuit also asked a judge not to allow LaBarbera to go within five counties of Pearl River because the victim's mother still lives there. The Journal News reported Monday that the state initially intended to release LaBarbera in Peekskill, less than an hour from Pearl River. However, attorneys for Lois Bohovesky convinced the state attorney general's office to reassign the parolee to an office in Buffalo and a judge in Albany ordered LaBarbera to stay at least three counties away from his victim's mother. A July 26 hearing has been scheduled to determine whether the restrictions should be made permanent. Last month, hundreds of protestors walked silently in the dark, with candles illuminating the same path Bohovesky walked on that fateful night, hoping to inspire New York Gov. Andrew Cuomo to intervene in the Parole Board's decision. HUNDREDS PROTEST PLAN TO RELEASE 16-YEAR-OLD GIRL'S CONVICTED KILLER Former New York Gov. George Pataki told Fox News last week Cuomo should force the parole board   filled with the governor's appointees   to reconsider its decision to parole LaBarbera. ""The governor can certainly ask the parole board to take another look and to look at the facts, to look at the lack of remorse, and if they did, they would have to see that this man should not be out in the streets,"" Pataki said. ""I have been very careful about not commenting on state government policies since I left office, but this release of this rapist and murderer is so hideous to me, I really feel an obligation to speak out so that first, hopefully, it won't happen, but if it sadly does, that it won't happen again."" All of these pleas were to no avail. Opponents of LaBarbera's release, including Lois Bohovesky, contend he has neither accepted full responsibility nor shown remorse for his crime. CLICK HERE FOR THE FOX NEWS APP ""He [LaBarbera] still hasn't taken responsibility for the murder,"" Bohovesky, 87, told Fox News last month in an exclusive on-camera interview. "" ... I don't think he's sorry. He's never accepted responsibility for it, so how can he be sorry?"" Fox News' Cristina Corbin contributed to this report.",crime,Fox News,right
"Ocasio-Cortez, Sanders call for climate change emergency mobilization, seeks a re-do of failed Green New Deal","Rep. Alexandria Ocasio-Cortez and Sen. Bernie Sanders will introduce Tuesday a resolution declaring a climate change emergency, a move that comes after the Green New Deal failed to take off the ground earlier this year. The resolution, also co-sponsored by Oregon Rep. Earl Blumenauer, will call for a wide-scale mobilization to combat the emergency and restore the climate ""for future generations."" GREEN NEW DEAL FAILS SENATE TEST VOTE AS DOZENS OF DEMOCRATS VOTE 'PRESENT' ""The global warming caused by human activities,"" claims the draft resolution, according to the Mother Jones magazine, ""has resulted in a climate emergency that … demands a national, social, industrial, and economic mobilization of the resources and labor of the United States at a massive-scale."" Ocasio-Cortez and Blumenauer, meanwhile, also wrote to fellow members of Congress urging them to declare climate change an emergency in a bid to ""swiftly mobilize federal resources in response."" The resolution, according to the outlet, details how climate change impacts public health and national security of the U.S., though it doesn't make any exact recommendations how to address the so-called emergency. The latest declaration comes after Ocasio-Cortez's signature Green New Deal, a sweeping Democratic proposal for dealing with climate change, failed a test vote in the U.S. Senate back in March, with 42 Democrats and Sen. Bernie Sanders, I-Vt., voting ""present."" OCASIO-CORTEZ ASSAILS BIDEN'S 'MIDDLE GROUND' CLIMATE CHANGE PLAN, SAYS IT'S 'DEALBREAKER' Both the New York Democrat and her colleagues decried Senate Majority Leader Mitch McConnell's move to bring the Green New Deal up for a vote, saying the Republicans purposely rushed the vote while McConnell only wanted Democrats to go on record to support the sweeping proposal that he himself called ""a radical, top-down, socialist makeover of the entire U.S. economy."" The Green New Deal calls for the U.S. to shift away from fossil fuels such as oil and coal and replace them with renewable sources such as wind and solar power. It calls for virtual elimination by 2030 of greenhouse gas emissions responsible for global warming. Republicans have railed against the proposal, saying it would devastate the economy and trigger massive tax increases. It remains unclear how the new resolution differs from the Green New Deal, though a spokesperson for Sanders told the magazine that unlike President Trump's emergencies, the climate change declaration warrants the use of emergency powers. CLICK HERE TO GET THE FOX NEWS APP ""President Trump has routinely declared phony national emergencies to advance his deeply unpopular agenda,"" the spokesperson said. ""On the existential threat of climate change, Trump insists on calling it a hoax.""",environmental issues,Fox News,right
Gabbard was most searched Democratic candidate after debate despite getting third-lowest speaking time,"Rep. Tulsi Gabbard , a relative unknown mired at the bottom of the crowded Democratic 2020 presidential field, was the most searched candidate on Google by the time Wednesday's debate ended, making the Hawaii lawmaker and military veteran one of the night's biggest winners. Google Trends data show that prior to the debate, Gabbard was the most searched only in her home state, while Sen. Elizabeth Warren, D-Mass., dominated the country's Internet browsers. That changed when the debate was over, with Gabbard being the most searched candidate on Google in most states, with Sen. Cory Booker, D-N.J., a distant second. TULSI GABBARD'S SISTER CALLS OUT MSNBC FOR FAVORING ELIZABETH WARREN IN THE DEBATE Gabbard, an Army National Guard veteran who served in Iraq, grabbed the attention of the viewers every time she spoke about foreign policy and the military. During the debate, she called for scaling back U.S. military presence abroad and said ""this president and his chicken hawk cabinet have led us to the brink of war with Iran."" Slideshow by Tribune News Service Gabbard's military experience gave her authority in a harsh exchange with Ohio Rep. Tim Ryan, who said the U.S. must maintain forces in Afghanistan to ensure the Taliban is kept in check. ""When we weren't in there, they started flying planes into our buildings,"" Ryan said. *""The Taliban didn't attack us on 9/11, Al Qaeda attacked us on 9/11,"" Gabbard replied. The data show that the moment that generated the most search traffic for Gabbard was when she was making her closing argument. MEGHAN MCCAIN CALLS TULSI GABBARD 'THE MOST COMPOSED AND AUTHENTIC' IN FIRST DEM DEBATE The Hawaii congresswoman's performance at the debate was praised by even some unlikely media figures, including Meghan McCain, a co-host of ""The View,"" who said she was the most ""composed and authentic."" ""Tulsi and I literally couldn't disagree on more (and she fundraised off of my name for calling her out on her relationship with Assad) BUT so far she's coming across the most composed and authentic,"" McCain wrote. Gabbard's success came despite receiving the third-lowest amount of speaking time with just 6.6 minutes, according to the Washington Post. Warren got the third-highest amount of speaking time with 9.3 minutes, outpaced by Booker with 10.9 minutes and former Rep. Beto O'Rourke with 10.3 minutes. Gabbard's sister, Vrindavan Gabbard, tweeted mid-debate about the discrepancy, slamming MSNBC for favoring Warren. CLICK HERE TO GET THE FOX NEWS APP ""It's clear who MSNBC wants to be president: Elizabeth Warren. They're giving her more time than all the other candidates combined. They aren't giving any time to Tulsi at all,"" the sister tweeted from the official Gabbard account.",politics,Fox News,right
