subcategory,gold_count,pred_count,span_matched_gold_count,span_recall,subcategory_correct,subcategory_precision_strict,subcategory_recall_strict,subcategory_f1_strict,subcategory_agreement_on_matched,category_correct_on_gold_label
no polarizing language,16,37,16,1.0,16,0.43243243243243246,1.0,0.6037735849056604,1.0,16
exaggeration,18,19,12,0.6666666666666666,7,0.3684210526315789,0.3888888888888889,0.37837837837837834,0.5833333333333334,7
casual oversimplification,2,1,0,0.0,0,0.0,0.0,0.0,0.0,0
doubt,10,7,5,0.5,4,0.5714285714285714,0.4,0.47058823529411764,0.8,4
bandwagon,1,1,1,1.0,0,0.0,0.0,0.0,0.0,1
slogans,6,9,5,0.8333333333333334,5,0.5555555555555556,0.8333333333333334,0.6666666666666667,1.0,5
scapegoating,2,2,2,1.0,1,0.5,0.5,0.5,0.5,1
name-calling,26,33,19,0.7307692307692307,19,0.5757575757575758,0.7307692307692307,0.6440677966101696,1.0,19
demonization,5,12,5,1.0,3,0.25,0.6,0.35294117647058826,0.6,5
