article_title,agree,corrected,correction_entries
Missouri's only abortion clinic to remain open after judge's injunction holds,0,2,2
"Four top residencies now offered to local artists, thanks to Oolite",2,1,2
get these trending washington restaurants on your radar today,1,1,4
rosemount recreation center plan gets positive response so far,0,1,3
"south african woman reunited with son six years after he disappeared and was tracked down 1,000 miles away",0,1,2
Democrat Robert Martwick sworn in as state senator; GOP taps Rosemont Mayor Brad Stephens for House seat,4,0,0
Ex-Posen mayor pleads guilty to embezzling village funds,1,0,0
phoenix chief says police response to incident with 4-year-old is 'unacceptable',1,0,0
port of l.a. sued after canceling agreement for a shipping container facility,1,0,0
