index,title,topic,source,rating,annotator_A_json,annotator_B_json,annotator_C_json,final_json
0,Democrat Robert Martwick sworn in as state senator; GOP taps Rosemont Mayor Brad Stephens for House seat,politics,Chicago Tribune,center,"{
  ""annotations"": [
    {
      ""text"": ""no polarizing language selected"",
      ""category"": ""No Polarizing language"",
      ""subcategory"": ""no polarizing language"",
      ""paragraphIndex"": 0
    },
    {
      ""text"": ""no polarizing language selected"",
      ""category"": ""No Polarizing language"",
      ""subcategory"": ""no polarizing language"",
      ""paragraphIndex"": 1
    },
    {
      ""text"": ""no polarizing language selected"",
      ""category"": ""No Polarizing language"",
      ""subcategory"": ""no polarizing language"",
      ""paragraphIndex"": 2
    }
  ]
}","{
  ""title"": ""Democrat Robert Martwick sworn in as state senator; GOP taps Rosemont Mayor Brad Stephens for House seat"",
  ""topic"": ""politics"",
  ""source"": ""Chicago Tribune"",
  ""rating"": ""center"",
  ""annotations"": [
    {
      ""category"": ""No Polarizing language"",
      ""subcategory"": ""no polarizing language"",
      ""text"": ""no polarizing language selected"",
      ""openFeedback"": ""The paragraph provides factual reporting on political appointments and salaries without using inflammatory language or propaganda techniques."",
      ""paragraphIndex"": 0
    },
    {
      ""category"": ""No Polarizing language"",
      ""subcategory"": ""no polarizing language"",
      ""text"": ""no polarizing language selected"",
      ""openFeedback"": ""The paragraph contains standard political endorsements and statements of intent ('forge relationships', 'deliver for his district') which do not rise to the level of explicit propaganda or inflammatory language."",
      ""paragraphIndex"": 1
    },
    {
      ""category"": ""No Polarizing language"",
      ""subcategory"": ""no polarizing language"",
      ""text"": ""no polarizing language selected"",
      ""openFeedback"": ""The paragraph outlines legislative initiatives and quotes a specific functional criticism ('unwieldy') regarding a proposal, which is neutral reporting rather than name-calling or demonization."",
      ""paragraphIndex"": 2
    },
    {
      ""category"": ""No Polarizing language"",
      ""subcategory"": ""no polarizing language"",
      ""text"": ""no polarizing language selected"",
      ""openFeedback"": ""The paragraph discusses campaign history and strategy with standard political quotes ('do whatever it takes to win') that do not constitute slogans or inflammatory rhetoric in this context."",
      ""paragraphIndex"": 3
    }
  ]
}","{
  ""annotations"": [
    {
      ""text"": ""no polarizing language selected"",
      ""category"": ""No Polarizing language"",
      ""subcategory"": ""no polarizing language"",
      ""paragraphIndex"": 0
    },
    {
      ""text"": ""no polarizing language selected"",
      ""category"": ""No Polarizing language"",
      ""subcategory"": ""no polarizing language"",
      ""paragraphIndex"": 1
    },
    {
      ""text"": ""We will do whatever it takes to win"",
      ""category"": ""Persuasive Propaganda"",
      ""subcategory"": ""Slogans"",
      ""paragraphIndex"": 2
    }
  ]
}","{""title"": ""Democrat Robert Martwick sworn in as state senator; GOP taps Rosemont Mayor Brad Stephens for House seat"", ""topic"": ""politics"", ""source"": ""Chicago Tribune"", ""rating"": ""center"", ""annotations"": [{""category"": ""No Polarizing language"", ""subcategory"": ""no polarizing language"", ""text"": ""no polarizing language selected"", ""openFeedback"": ""Auto-filled: No Polarizing language / no polarizing language"", ""paragraphIndex"": 0}, {""category"": ""No Polarizing language"", ""subcategory"": ""no polarizing language"", ""text"": ""no polarizing language selected"", ""openFeedback"": ""Auto-filled: No Polarizing language / no polarizing language"", ""paragraphIndex"": 1}, {""category"": ""No Polarizing language"", ""subcategory"": ""no polarizing language"", ""text"": ""no polarizing language selected"", ""openFeedback"": ""The paragraph outlines legislative initiatives and quotes a specific functional criticism ('unwieldy') regarding a proposal, which is neutral reporting rather than name-calling or demonization."", ""paragraphIndex"": 2}, {""category"": ""No Polarizing language"", ""subcategory"": ""no polarizing language"", ""text"": ""no polarizing language selected"", ""openFeedback"": ""The paragraph discusses campaign history and strategy with standard political quotes ('do whatever it takes to win') that do not constitute slogans or inflammatory rhetoric in this context."", ""paragraphIndex"": 3}]}"
1,"Frozen sperm bank could be set up in space, study suggests",science,Press Association,center,"{
  ""annotations"": [
    {
      ""text"": ""Sperm banks could one day be set up in space, scientists have predicted."",
      ""category"": ""No Polarizing language"",
      ""subcategory"": ""no polarizing language"",
      ""paragraphIndex"": 0
    },
    {
      ""text"": ""Frozen samples that were exposed to microgravity conditions and those kept in normal conditions appear to keep similar characteristics, according to the results of a small study, the Press Association has reported."",
      ""category"": ""No Polarizing language"",
      ""subcategory"": ""no polarizing language"",
      ""paragraphIndex"": 1
    },
    {
      ""text"": ""The results of the research suggest frozen sperm could be sent into space and \""open the possibility of creating a human sperm bank outside of Earth\""."",
      ""category"": ""No Polarizing language"",
      ""subcategory"": ""no polarizing language"",
      ""paragraphIndex"": 2
    },
    {
      ""text"": ""But more research is needed to fully understand the effect of space conditions, scientists have said."",
      ""category"": ""No Polarizing language"",
      ""subcategory"": ""no polarizing language"",
      ""paragraphIndex"": 3
    },
    {
      ""text"": ""The study was presented at the European Society of Human Reproduction and Embryology annual meeting in Vienna, Austria."",
      ""category"": ""No Polarizing language"",
      ""subcategory"": ""no polarizing language"",
      ""paragraphIndex"": 4
    },
    {
      ""text"": ""The scientists conducting the study said little is known about the effect of different gravity levels on sperm."",
      ""category"": ""No Polarizing language"",
      ""subcategory"": ""no polarizing language"",
      ""paragraphIndex"": 5
    },
    {
      ""text"": ""Dr Montserrat Boada, from Dexeus Women's Health in Barcelona, said: \""Some studies suggest a significant decrease in the motility of human fresh sperm sample."",
      ""category"": ""No Polarizing language"",
      ""subcategory"": ""no polarizing language"",
      ""paragraphIndex"": 6
    },
    {
      ""text"": ""\""But nothing has been reported on the possible effects of gravitational differences on frozen human gametes, in which state they could be transported from Earth to space.\"""",
      ""category"": ""No Polarizing language"",
      ""subcategory"": ""no polarizing language"",
      ""paragraphIndex"": 7
    },
    {
      ""text"": ""The researchers used sperm from 10 healthy donors, exposing some of the samples to microgravity using a small aerobatic aircraft."",
      ""category"": ""No Polarizing language"",
      ""subcategory"": ""no polarizing language"",
      ""paragraphIndex"": 8
    },
    {
      ""text"": ""The samples were then analyzed for concentration, motility and DNA fragmentation - tests which are all performed to check for fertility."",
      ""category"": ""No Polarizing language"",
      ""subcategory"": ""no polarizing language"",
      ""paragraphIndex"": 9
    },
    {
      ""text"": ""No significant differences were found between the samples kept on the ground and those exposed to microgravity, according to the study."",
      ""category"": ""No Polarizing language"",
      ""subcategory"": ""no polarizing language"",
      ""paragraphIndex"": 10
    },
    {
      ""text"": ""\""The lack of differences observed in the sperm characteristics between frozen samples exposed to microgravity and those maintained in ground conditions open the possibility of safely transporting male gametes to space and considering the possibility of creating a human sperm bank outside of Earth,\"" the researchers said."",
      ""category"": ""No Polarizing language"",
      ""subcategory"": ""no polarizing language"",
      ""paragraphIndex"": 11
    },
    {
      ""text"": ""However they added that this is a preliminary study, and they need to validate their findings with more samples and expose the sperm to space-like conditions for longer periods of time."",
      ""category"": ""No Polarizing language"",
      ""subcategory"": ""no polarizing language"",
      ""paragraphIndex"": 12
    },
    {
      ""text"": ""\""Our best option will be to perform the experiment using real spaceflight but access is very limited,\"" Dr Boada said."",
      ""category"": ""No Polarizing language"",
      ""subcategory"": ""no polarizing language"",
      ""paragraphIndex"": 13
    }
  ]
}","{
  ""title"": ""Frozen sperm bank could be set up in space, study suggests"",
  ""topic"": ""science"",
  ""source"": ""Press Association"",
  ""rating"": ""center"",
  ""annotations"": [
    {
      ""category"": ""No Polarizing language"",
      ""subcategory"": ""no polarizing language"",
      ""text"": ""no polarizing language selected"",
      ""openFeedback"": ""The paragraph reports on the findings of a scientific study regarding frozen sperm in space without using inflammatory or persuasive language."",
      ""paragraphIndex"": 0
    },
    {
      ""category"": ""No Polarizing language"",
      ""subcategory"": ""no polarizing language"",
      ""text"": ""no polarizing language selected"",
      ""openFeedback"": ""This paragraph states the scientific need for further research, a standard disclaimer in science reporting."",
      ""paragraphIndex"": 1
    },
    {
      ""category"": ""No Polarizing language"",
      ""subcategory"": ""no polarizing language"",
      ""text"": ""no polarizing language selected"",
      ""openFeedback"": ""This paragraph provides factual context about where the study was presented."",
      ""paragraphIndex"": 2
    },
    {
      ""category"": ""No Polarizing language"",
      ""subcategory"": ""no polarizing language"",
      ""text"": ""no polarizing language selected"",
      ""openFeedback"": ""This paragraph summarizes the scientists' statement about the current state of knowledge."",
      ""paragraphIndex"": 3
    },
    {
      ""category"": ""No Polarizing language"",
      ""subcategory"": ""no polarizing language"",
      ""text"": ""no polarizing language selected"",
      ""openFeedback"": ""This paragraph contains a direct quote from a researcher regarding previous studies."",
      ""paragraphIndex"": 4
    },
    {
      ""category"": ""No Polarizing language"",
      ""subcategory"": ""no polarizing language"",
      ""text"": ""no polarizing language selected"",
      ""openFeedback"": ""This paragraph continues the quote explaining the gap in current research."",
      ""paragraphIndex"": 5
    },
    {
      ""category"": ""No Polarizing language"",
      ""subcategory"": ""no polarizing language"",
      ""text"": ""no polarizing language selected"",
      ""openFeedback"": ""This paragraph describes the methodology of the study."",
      ""paragraphIndex"": 6
    },
    {
      ""category"": ""No Polarizing language"",
      ""subcategory"": ""no polarizing language"",
      ""text"": ""no polarizing language selected"",
      ""openFeedback"": ""This paragraph lists the specific biological tests performed on the samples."",
      ""paragraphIndex"": 7
    },
    {
      ""category"": ""No Polarizing language"",
      ""subcategory"": ""no polarizing language"",
      ""text"": ""no polarizing language selected"",
      ""openFeedback"": ""This paragraph reports the statistical findings of the study objectively."",
      ""paragraphIndex"": 8
    },
    {
      ""category"": ""No Polarizing language"",
      ""subcategory"": ""no polarizing language"",
      ""text"": ""no polarizing language selected"",
      ""openFeedback"": ""This paragraph quotes the researchers interpreting the implications of their findings."",
      ""paragraphIndex"": 9
    },
    {
      ""category"": ""No Polarizing language"",
      ""subcategory"": ""no polarizing language"",
      ""text"": ""no polarizing language selected"",
      ""openFeedback"": ""This paragraph outlines the limitations of the preliminary study."",
      ""paragraphIndex"": 10
    },
    {
      ""category"": ""No Polarizing language"",
      ""subcategory"": ""no polarizing language"",
      ""text"": ""no polarizing language selected"",
      ""openFeedback"": ""This paragraph quotes the researcher on future experimental needs and logistical limitations."",
      ""paragraphIndex"": 11
    }
  ]
}","{
  ""annotations"": [
    {
      ""text"": ""no polarizing language selected"",
      ""category"": ""No Polarizing language"",
      ""subcategory"": ""no polarizing language"",
      ""paragraphIndex"": 0
    },
    {
      ""text"": ""no polarizing language selected"",
      ""category"": ""No Polarizing language"",
      ""subcategory"": ""no polarizing language"",
      ""paragraphIndex"": 1
    },
    {
      ""text"": ""no polarizing language selected"",
      ""category"": ""No Polarizing language"",
      ""subcategory"": ""no polarizing language"",
      ""paragraphIndex"": 2
    },
    {
      ""text"": ""no polarizing language selected"",
      ""category"": ""No Polarizing language"",
      ""subcategory"": ""no polarizing language"",
      ""paragraphIndex"": 3
    },
    {
      ""text"": ""no polarizing language selected"",
      ""category"": ""No Polarizing language"",
      ""subcategory"": ""no polarizing language"",
      ""paragraphIndex"": 4
    },
    {
      ""text"": ""no polarizing language selected"",
      ""category"": ""No Polarizing language"",
      ""subcategory"": ""no polarizing language"",
      ""paragraphIndex"": 5
    },
    {
      ""text"": ""no polarizing language selected"",
      ""category"": ""No Polarizing language"",
      ""subcategory"": ""no polarizing language"",
      ""paragraphIndex"": 6
    },
    {
      ""text"": ""no polarizing language selected"",
      ""category"": ""No Polarizing language"",
      ""subcategory"": ""no polarizing language"",
      ""paragraphIndex"": 7
    },
    {
      ""text"": ""no polarizing language selected"",
      ""category"": ""No Polarizing language"",
      ""subcategory"": ""no polarizing language"",
      ""paragraphIndex"": 8
    },
    {
      ""text"": ""no polarizing language selected"",
      ""category"": ""No Polarizing language"",
      ""subcategory"": ""no polarizing language"",
      ""paragraphIndex"": 9
    },
    {
      ""text"": ""no polarizing language selected"",
      ""category"": ""No Polarizing language"",
      ""subcategory"": ""no polarizing language"",
      ""paragraphIndex"": 10
    }
  ]
}","{""title"": ""Frozen sperm bank could be set up in space, study suggests"", ""topic"": ""science"", ""source"": ""Press Association"", ""rating"": ""center"", ""annotations"": [{""category"": ""No Polarizing language"", ""subcategory"": ""no polarizing language"", ""text"": ""no polarizing language selected"", ""openFeedback"": ""Auto-filled: No Polarizing language / no polarizing language"", ""paragraphIndex"": 0}]}"
2,phoenix chief says police response to incident with 4-year-old is 'unacceptable',crime,CNN,left,"{
  ""annotations"": [
    {
      ""text"": ""the confrontation that was captured on video was \""unacceptable.\"""",
      ""category"": ""Persuasive Propaganda"",
      ""subcategory"": ""Exaggeration"",
      ""paragraphIndex"": 0
    },
    {
      ""text"": ""no polarizing language selected"",
      ""category"": ""No Polarizing language"",
      ""subcategory"": ""no polarizing language"",
      ""paragraphIndex"": 1
    },
    {
      ""text"": ""no polarizing language selected"",
      ""category"": ""No Polarizing language"",
      ""subcategory"": ""no polarizing language"",
      ""paragraphIndex"": 2
    },
    {
      ""text"": ""no polarizing language selected"",
      ""category"": ""No Polarizing language"",
      ""subcategory"": ""no polarizing language"",
      ""paragraphIndex"": 3
    },
    {
      ""text"": ""no polarizing language selected"",
      ""category"": ""No Polarizing language"",
      ""subcategory"": ""no polarizing language"",
      ""paragraphIndex"": 4
    },
    {
      ""text"": ""no polarizing language selected"",
      ""category"": ""No Polarizing language"",
      ""subcategory"": ""no polarizing language"",
      ""paragraphIndex"": 5
    },
    {
      ""text"": ""no polarizing language selected"",
      ""category"": ""No Polarizing language"",
      ""subcategory"": ""no polarizing language"",
      ""paragraphIndex"": 6
    },
    {
      ""text"": ""the experience was traumatizing for him and his young children"",
      ""category"": ""Persuasive Propaganda"",
      ""subcategory"": ""Exaggeration"",
      ""paragraphIndex"": 7
    },
    {
      ""text"": ""I thought they were gonna start shooting"",
      ""category"": ""Persuasive Propaganda"",
      ""subcategory"": ""Doubt"",
      ""paragraphIndex"": 8
    },
    {
      ""text"": ""one of the most insane attacks on a black family, or any family, that I've ever seen law enforcement engage in"",
      ""category"": ""Inflammatory Language"",
      ""subcategory"": ""Demonization"",
      ""paragraphIndex"": 9
    },
    {
      ""text"": ""no polarizing language selected"",
      ""category"": ""No Polarizing language"",
      ""subcategory"": ""no polarizing language"",
      ""paragraphIndex"": 10
    }
  ]
}","{
  ""title"": ""phoenix chief says police response to incident with 4-year-old is 'unacceptable'"",
  ""topic"": ""crime"",
  ""source"": ""CNN"",
  ""rating"": ""left"",
  ""annotations"": [
    {
      ""category"": ""No Polarizing language"",
      ""subcategory"": ""no polarizing language"",
      ""text"": ""no polarizing language selected"",
      ""openFeedback"": ""Factual reporting of the police chief's apology."",
      ""paragraphIndex"": 0
    },
    {
      ""category"": ""No Polarizing language"",
      ""subcategory"": ""no polarizing language"",
      ""text"": ""no polarizing language selected"",
      ""openFeedback"": ""Factual reporting of the parents' legal action."",
      ""paragraphIndex"": 1
    },
    {
      ""category"": ""No Polarizing language"",
      ""subcategory"": ""no polarizing language"",
      ""text"": ""no polarizing language selected"",
      ""openFeedback"": ""Description of the video content."",
      ""paragraphIndex"": 2
    },
    {
      ""category"": ""No Polarizing language"",
      ""subcategory"": ""no polarizing language"",
      ""text"": ""no polarizing language selected"",
      ""openFeedback"": ""Reporting a specific quote from the video without endorsing it."",
      ""paragraphIndex"": 3
    },
    {
      ""category"": ""No Polarizing language"",
      ""subcategory"": ""no polarizing language"",
      ""text"": ""no polarizing language selected"",
      ""openFeedback"": ""Descriptive reporting of the officer's actions."",
      ""paragraphIndex"": 4
    },
    {
      ""category"": ""No Polarizing language"",
      ""subcategory"": ""no polarizing language"",
      ""text"": ""no polarizing language selected"",
      ""openFeedback"": ""Reporting on conflicting accounts."",
      ""paragraphIndex"": 5
    },
    {
      ""category"": ""No Polarizing language"",
      ""subcategory"": ""no polarizing language"",
      ""text"": ""no polarizing language selected"",
      ""openFeedback"": ""Reporting the parents' version of events."",
      ""paragraphIndex"": 6
    },
    {
      ""category"": ""No Polarizing language"",
      ""subcategory"": ""no polarizing language"",
      ""text"": ""no polarizing language selected"",
      ""openFeedback"": ""Reporting the Chief's statement about the parents fleeing."",
      ""paragraphIndex"": 7
    },
    {
      ""category"": ""No Polarizing language"",
      ""subcategory"": ""no polarizing language"",
      ""text"": ""no polarizing language selected"",
      ""openFeedback"": ""Reporting details from the police report."",
      ""paragraphIndex"": 8
    },
    {
      ""category"": ""No Polarizing language"",
      ""subcategory"": ""no polarizing language"",
      ""text"": ""no polarizing language selected"",
      ""openFeedback"": ""Reporting details from the police report."",
      ""paragraphIndex"": 9
    },
    {
      ""category"": ""No Polarizing language"",
      ""subcategory"": ""no polarizing language"",
      ""text"": ""no polarizing language selected"",
      ""openFeedback"": ""Reporting the Chief's statement."",
      ""paragraphIndex"": 10
    },
    {
      ""category"": ""No Polarizing language"",
      ""subcategory"": ""no polarizing language"",
      ""text"": ""no polarizing language selected"",
      ""openFeedback"": ""Reporting administrative actions taken."",
      ""paragraphIndex"": 11
    },
    {
      ""category"": ""No Polarizing language"",
      ""subcategory"": ""no polarizing language"",
      ""text"": ""no polarizing language selected"",
      ""openFeedback"": ""Reporting on the internal investigation."",
      ""paragraphIndex"": 12
    },
    {
      ""category"": ""No Polarizing language"",
      ""subcategory"": ""no polarizing language"",
      ""text"": ""no polarizing language selected"",
      ""openFeedback"": ""Reporting the father's statement to the media."",
      ""paragraphIndex"": 13
    },
    {
      ""category"": ""No Polarizing language"",
      ""subcategory"": ""no polarizing language"",
      ""text"": ""no polarizing language selected"",
      ""openFeedback"": ""Reporting the father's quote about the experience."",
      ""paragraphIndex"": 14
    },
    {
      ""category"": ""No Polarizing language"",
      ""subcategory"": ""no polarizing language"",
      ""text"": ""no polarizing language selected"",
      ""openFeedback"": ""Reporting the father's fear during the incident."",
      ""paragraphIndex"": 15
    },
    {
      ""category"": ""Persuasive Propaganda"",
      ""subcategory"": ""exaggeration"",
      ""text"": ""this is one of the most insane attacks on a black family"",
      ""openFeedback"": ""The quoted source uses hyperbolic language ('most insane attacks') to characterize the police interaction."",
      ""paragraphIndex"": 16
    },
    {
      ""category"": ""No Polarizing language"",
      ""subcategory"": ""no polarizing language"",
      ""text"": ""no polarizing language selected"",
      ""openFeedback"": ""Reporting the Mayor's reaction."",
      ""paragraphIndex"": 17
    },
    {
      ""category"": ""No Polarizing language"",
      ""subcategory"": ""no polarizing language"",
      ""text"": ""no polarizing language selected"",
      ""openFeedback"": ""Reporting the Mayor's proposed actions."",
      ""paragraphIndex"": 18
    },
    {
      ""category"": ""No Polarizing language"",
      ""subcategory"": ""no polarizing language"",
      ""text"": ""no polarizing language selected"",
      ""openFeedback"": ""Reporting the Mayor's concluding statement."",
      ""paragraphIndex"": 19
    }
  ]
}","{
  ""annotations"": [
    {
      ""text"": ""no polarizing language selected"",
      ""category"": ""No Polarizing language"",
      ""subcategory"": ""no polarizing language"",
      ""paragraphIndex"": 0
    },
    {
      ""text"": ""When I tell you to do something, you f------ do it!"",
      ""category"": ""Inflammatory Language"",
      ""subcategory"": ""Demonization"",
      ""paragraphIndex"": 1
    },
    {
      ""text"": ""no polarizing language selected"",
      ""category"": ""No Polarizing language"",
      ""subcategory"": ""no polarizing language"",
      ""paragraphIndex"": 2
    },
    {
      ""text"": ""no polarizing language selected"",
      ""category"": ""No Polarizing language"",
      ""subcategory"": ""no polarizing language"",
      ""paragraphIndex"": 3
    },
    {
      ""text"": ""this is one of the most insane attacks on a black family, or any family, that I've ever seen law enforcement engage in"",
      ""category"": ""Persuasive Propaganda"",
      ""subcategory"": ""Exaggeration"",
      ""paragraphIndex"": 4
    },
    {
      ""text"": ""I, like many others, am sick over what I have seen in the video"",
      ""category"": ""Persuasive Propaganda"",
      ""subcategory"": ""Bandwagon"",
      ""paragraphIndex"": 5
    }
  ]
}","{""title"": ""phoenix chief says police response to incident with 4-year-old is 'unacceptable'"", ""topic"": ""crime"", ""source"": ""CNN"", ""rating"": ""left"", ""annotations"": [{""category"": ""No Polarizing language"", ""subcategory"": ""no polarizing language"", ""text"": ""no polarizing language selected"", ""openFeedback"": ""Auto-filled: No Polarizing language / no polarizing language"", ""paragraphIndex"": 1}]}"
3,"Four top residencies now offered to local artists, thanks to Oolite",politics,Miami Herald,left,"{
  ""annotations"": [
    {
      ""text"": ""no polarizing language selected"",
      ""category"": ""No Polarizing language"",
      ""subcategory"": ""no polarizing language"",
      ""paragraphIndex"": 0
    },
    {
      ""text"": ""no polarizing language selected"",
      ""category"": ""No Polarizing language"",
      ""subcategory"": ""no polarizing language"",
      ""paragraphIndex"": 1
    }
  ]
}","{
  ""title"": ""Four top residencies now offered to local artists, thanks to Oolite"",
  ""topic"": ""politics"",
  ""source"": ""Miami Herald"",
  ""rating"": ""left"",
  ""annotations"": [
    {
      ""category"": ""No Polarizing language"",
      ""subcategory"": ""no polarizing language"",
      ""text"": ""no polarizing language selected"",
      ""openFeedback"": ""The paragraph provides factual information about new residency opportunities for artists and includes promotional quotes from the organization, but does not contain inflammatory language or persuasive propaganda."",
      ""paragraphIndex"": 0
    },
    {
      ""category"": ""No Polarizing language"",
      ""subcategory"": ""no polarizing language"",
      ""text"": ""no polarizing language selected"",
      ""openFeedback"": ""The paragraph details the specifics of the residency programs and includes a quote about the economic needs of artists; it contains no polarizing or propagandistic content."",
      ""paragraphIndex"": 1
    }
  ]
}","{
  ""annotations"": [
    {
      ""text"": ""Miami artists have a new opportunity to superpower their careers"",
      ""category"": ""Persuasive Propaganda"",
      ""subcategory"": ""Exaggeration"",
      ""paragraphIndex"": 0
    },
    {
      ""text"": ""four prestigious programs Anderson Ranch Arts Center, Atlantic Center for the Arts, the Rauschenberg Foundation and Yaddo"",
      ""category"": ""Persuasive Propaganda"",
      ""subcategory"": ""Exaggeration"",
      ""paragraphIndex"": 0
    },
    {
      ""text"": ""Residencies can be a defining moment in an artist's career"",
      ""category"": ""Persuasive Propaganda"",
      ""subcategory"": ""Exaggeration"",
      ""paragraphIndex"": 0
    },
    {
      ""text"": ""will further enrich their own work, and Miami's cultural community"",
      ""category"": ""Persuasive Propaganda"",
      ""subcategory"": ""Exaggeration"",
      ""paragraphIndex"": 0
    },
    {
      ""text"": ""no polarizing language selected"",
      ""category"": ""No Polarizing language"",
      ""subcategory"": ""no polarizing language"",
      ""paragraphIndex"": 1
    }
  ]
}","{""title"": ""Four top residencies now offered to local artists, thanks to Oolite"", ""topic"": ""politics"", ""source"": ""Miami Herald"", ""rating"": ""left"", ""annotations"": [{""category"": ""No Polarizing language"", ""subcategory"": ""no polarizing language"", ""text"": ""no polarizing language selected"", ""openFeedback"": ""Auto-filled: No Polarizing language / no polarizing language"", ""paragraphIndex"": 0}, {""category"": ""No Polarizing language"", ""subcategory"": ""no polarizing language"", ""text"": ""no polarizing language selected"", ""openFeedback"": ""Auto-filled: No Polarizing language / no polarizing language"", ""paragraphIndex"": 1}]}"
4,port of l.a. sued after canceling agreement for a shipping container facility,science,CNN Business,left,"{
  ""annotations"": [
    {
      ""text"": ""no polarizing language selected"",
      ""category"": ""No Polarizing language"",
      ""subcategory"": ""no polarizing language"",
      ""paragraphIndex"": 0
    },
    {
      ""text"": ""no polarizing language selected"",
      ""category"": ""No Polarizing language"",
      ""subcategory"": ""no polarizing language"",
      ""paragraphIndex"": 1
    },
    {
      ""text"": ""a green, job-creating project is stymied by a single entity for their own narrow reasons"",
      ""category"": ""Persuasive Propaganda"",
      ""subcategory"": ""Exaggeration"",
      ""paragraphIndex"": 2
    },
    {
      ""text"": ""no polarizing language selected"",
      ""category"": ""No Polarizing language"",
      ""subcategory"": ""no polarizing language"",
      ""paragraphIndex"": 3
    }
  ]
}","{
  ""title"": ""port of l.a. sued after canceling agreement for a shipping container facility"",
  ""topic"": ""science"",
  ""source"": ""CNN Business"",
  ""rating"": ""left"",
  ""annotations"": [
    {
      ""category"": ""No Polarizing language"",
      ""subcategory"": ""no polarizing language"",
      ""text"": ""no polarizing language selected"",
      ""openFeedback"": ""The paragraph provides factual reporting on the lawsuit filed against the Port of L.A. without using inflammatory language or propaganda techniques."",
      ""paragraphIndex"": 0
    },
    {
      ""category"": ""No Polarizing language"",
      ""subcategory"": ""no polarizing language"",
      ""text"": ""no polarizing language selected"",
      ""openFeedback"": ""The paragraph outlines procedural details involving the Board of Harbor Commissioners and the City Council, and states facts about the union's representation, maintaining a neutral tone."",
      ""paragraphIndex"": 1
    },
    {
      ""category"": ""No Polarizing language"",
      ""subcategory"": ""no polarizing language"",
      ""text"": ""no polarizing language selected"",
      ""openFeedback"": ""While the paragraph contains strong quotes from the lawsuit and the company CEO criticizing the union ('stymied by a single entity for their own narrow reasons', 'they [ILWU] run the Port'), the article itself presents these as attributed claims within a legal dispute context rather than adopting them as the author's voice or propaganda."",
      ""paragraphIndex"": 2
    },
    {
      ""category"": ""No Polarizing language"",
      ""subcategory"": ""no polarizing language"",
      ""text"": ""no polarizing language selected"",
      ""openFeedback"": ""The paragraph reports on a separate but related permit vote and includes comments from a councilman and a company, adhering to factual reporting standards without polarizing rhetoric."",
      ""paragraphIndex"": 3
    }
  ]
}","{
  ""annotations"": [
    {
      ""text"": ""no polarizing language selected"",
      ""category"": ""No Polarizing language"",
      ""subcategory"": ""no polarizing language"",
      ""paragraphIndex"": 0
    },
    {
      ""text"": ""no polarizing language selected"",
      ""category"": ""No Polarizing language"",
      ""subcategory"": ""no polarizing language"",
      ""paragraphIndex"": 1
    },
    {
      ""text"": ""stymied by a single entity for their own narrow reasons"",
      ""category"": ""Inflammatory Language"",
      ""subcategory"": ""Demonization"",
      ""paragraphIndex"": 2
    },
    {
      ""text"": ""no polarizing language selected"",
      ""category"": ""No Polarizing language"",
      ""subcategory"": ""no polarizing language"",
      ""paragraphIndex"": 3
    }
  ]
}","{""title"": ""port of l.a. sued after canceling agreement for a shipping container facility"", ""topic"": ""science"", ""source"": ""CNN Business"", ""rating"": ""left"", ""annotations"": [{""category"": ""No Polarizing language"", ""subcategory"": ""no polarizing language"", ""text"": ""no polarizing language selected"", ""openFeedback"": ""Auto-filled: No Polarizing language / no polarizing language"", ""paragraphIndex"": 0}, {""category"": ""No Polarizing language"", ""subcategory"": ""no polarizing language"", ""text"": ""no polarizing language selected"", ""openFeedback"": ""Auto-filled: No Polarizing language / no polarizing language"", ""paragraphIndex"": 1}, {""category"": ""No Polarizing language"", ""subcategory"": ""no polarizing language"", ""text"": ""no polarizing language selected"", ""openFeedback"": ""Auto-filled: No Polarizing language / no polarizing language"", ""paragraphIndex"": 2}]}"
5,get these trending washington restaurants on your radar today,health,USA TODAY,center,"{
  ""annotations"": [
    {
      ""text"": ""no polarizing language selected"",
      ""category"": ""No Polarizing language"",
      ""subcategory"": ""no polarizing language"",
      ""paragraphIndex"": 0
    }
  ]
}","{
  ""title"": ""get these trending washington restaurants on your radar today"",
  ""topic"": ""health"",
  ""source"": ""USA TODAY"",
  ""rating"": ""center"",
  ""annotations"": [
    {
      ""category"": ""No Polarizing language"",
      ""subcategory"": ""no polarizing language"",
      ""text"": ""no polarizing language selected"",
      ""openFeedback"": ""The paragraph uses standard lifestyle journalism terms ('buzziest', 'substantial') to describe data-driven restaurant trends without using inflammatory language or propaganda."",
      ""paragraphIndex"": 0
    },
    {
      ""category"": ""No Polarizing language"",
      ""subcategory"": ""no polarizing language"",
      ""text"": ""no polarizing language selected"",
      ""openFeedback"": ""While terms like 'staggering' and 'superior' are used, they are typical for restaurant reviews and do not constitute political or persuasive propaganda in this context."",
      ""paragraphIndex"": 1
    },
    {
      ""category"": ""No Polarizing language"",
      ""subcategory"": ""no polarizing language"",
      ""text"": ""no polarizing language selected"",
      ""openFeedback"": ""The paragraph reports on restaurant statistics and menu items in a neutral, informative manner."",
      ""paragraphIndex"": 2
    },
    {
      ""category"": ""No Polarizing language"",
      ""subcategory"": ""no polarizing language"",
      ""text"": ""no polarizing language selected"",
      ""openFeedback"": ""The text describes statistical outliers in review counts without employing persuasive techniques or inflammatory rhetoric."",
      ""paragraphIndex"": 3
    },
    {
      ""category"": ""No Polarizing language"",
      ""subcategory"": ""no polarizing language"",
      ""text"": ""no polarizing language selected"",
      ""openFeedback"": ""The paragraph presents factual data about review increases and business locations without bias."",
      ""paragraphIndex"": 4
    }
  ]
}","{
  ""annotations"": [
    {
      ""text"": ""no polarizing language selected"",
      ""category"": ""No Polarizing language"",
      ""subcategory"": ""no polarizing language"",
      ""paragraphIndex"": 0
    },
    {
      ""text"": ""no polarizing language selected"",
      ""category"": ""No Polarizing language"",
      ""subcategory"": ""no polarizing language"",
      ""paragraphIndex"": 1
    },
    {
      ""text"": ""no polarizing language selected"",
      ""category"": ""No Polarizing language"",
      ""subcategory"": ""no polarizing language"",
      ""paragraphIndex"": 2
    },
    {
      ""text"": ""no polarizing language selected"",
      ""category"": ""No Polarizing language"",
      ""subcategory"": ""no polarizing language"",
      ""paragraphIndex"": 3
    },
    {
      ""text"": ""no polarizing language selected"",
      ""category"": ""No Polarizing language"",
      ""subcategory"": ""no polarizing language"",
      ""paragraphIndex"": 4
    }
  ]
}","{""title"": ""get these trending washington restaurants on your radar today"", ""topic"": ""health"", ""source"": ""USA TODAY"", ""rating"": ""center"", ""annotations"": [{""category"": ""No Polarizing language"", ""subcategory"": ""no polarizing language"", ""text"": ""no polarizing language selected"", ""openFeedback"": ""Auto-filled: No Polarizing language / no polarizing language"", ""paragraphIndex"": 0}, {""category"": ""No Polarizing language"", ""subcategory"": ""no polarizing language"", ""text"": ""no polarizing language selected"", ""openFeedback"": ""Auto-filled: No Polarizing language / no polarizing language"", ""paragraphIndex"": 1}, {""category"": ""No Polarizing language"", ""subcategory"": ""no polarizing language"", ""text"": ""no polarizing language selected"", ""openFeedback"": ""Auto-filled: No Polarizing language / no polarizing language"", ""paragraphIndex"": 2}, {""category"": ""No Polarizing language"", ""subcategory"": ""no polarizing language"", ""text"": ""no polarizing language selected"", ""openFeedback"": ""Auto-filled: No Polarizing language / no polarizing language"", ""paragraphIndex"": 3}, {""category"": ""No Polarizing language"", ""subcategory"": ""no polarizing language"", ""text"": ""no polarizing language selected"", ""openFeedback"": ""Auto-filled: No Polarizing language / no polarizing language"", ""paragraphIndex"": 4}]}"
6,"south african woman reunited with son six years after he disappeared and was tracked down 1,000 miles away",science,Los Angeles Times,left,"{
  ""annotations"": [
    {
      ""text"": ""no polarizing language selected"",
      ""category"": ""No Polarizing language"",
      ""subcategory"": ""no polarizing language"",
      ""paragraphIndex"": 0
    },
    {
      ""text"": ""no polarizing language selected"",
      ""category"": ""No Polarizing language"",
      ""subcategory"": ""no polarizing language"",
      ""paragraphIndex"": 1
    }
  ]
}","{
  ""title"": ""south african woman reunited with son six years after he disappeared and was tracked down 1,000 miles away"",
  ""topic"": ""science"",
  ""source"": ""Los Angeles Times"",
  ""rating"": ""left"",
  ""annotations"": [
    {
      ""category"": ""No Polarizing language"",
      ""subcategory"": ""no polarizing language"",
      ""text"": ""no polarizing language selected"",
      ""openFeedback"": ""This paragraph contains a factual narrative description of the events surrounding the missing person case and uses emotive language appropriately for storytelling rather than manipulation."",
      ""paragraphIndex"": 0
    },
    {
      ""category"": ""No Polarizing language"",
      ""subcategory"": ""no polarizing language"",
      ""text"": ""no polarizing language selected"",
      ""openFeedback"": ""The paragraph describes the efforts to reunite the family. The capitalized text appears to be unrelated headlines inserted into the body text and does not constitute propaganda within the context of this article."",
      ""paragraphIndex"": 1
    },
    {
      ""category"": ""No Polarizing language"",
      ""subcategory"": ""no polarizing language"",
      ""text"": ""no polarizing language selected"",
      ""openFeedback"": ""The paragraph concludes the story with details of the reunion. The police officer's quote defends his profession but does not employ specific propaganda techniques or inflammatory labels."",
      ""paragraphIndex"": 2
    }
  ]
}","{
  ""annotations"": [
    {
      ""text"": ""no polarizing language selected"",
      ""category"": ""No Polarizing language"",
      ""subcategory"": ""no polarizing language"",
      ""paragraphIndex"": 0
    },
    {
      ""text"": ""no polarizing language selected"",
      ""category"": ""No Polarizing language"",
      ""subcategory"": ""no polarizing language"",
      ""paragraphIndex"": 1
    }
  ]
}","{""title"": ""south african woman reunited with son six years after he disappeared and was tracked down 1,000 miles away"", ""topic"": ""science"", ""source"": ""Los Angeles Times"", ""rating"": ""left"", ""annotations"": [{""category"": ""No Polarizing language"", ""subcategory"": ""no polarizing language"", ""text"": ""no polarizing language selected"", ""openFeedback"": ""Auto-filled: No Polarizing language / no polarizing language"", ""paragraphIndex"": 0}, {""category"": ""No Polarizing language"", ""subcategory"": ""no polarizing language"", ""text"": ""no polarizing language selected"", ""openFeedback"": ""Auto-filled: No Polarizing language / no polarizing language"", ""paragraphIndex"": 1}, {""category"": ""No Polarizing language"", ""subcategory"": ""no polarizing language"", ""text"": ""no polarizing language selected"", ""openFeedback"": ""The paragraph concludes the story with details of the reunion. The police officer's quote defends his profession but does not employ specific propaganda techniques or inflammatory labels."", ""paragraphIndex"": 2}]}"
7,Ex-Posen mayor pleads guilty to embezzling village funds,crime,Chicago Tribune,center,"{
  ""annotations"": [
    {
      ""text"": ""no polarizing language selected"",
      ""category"": ""No Polarizing language"",
      ""subcategory"": ""no polarizing language"",
      ""paragraphIndex"": 0
    },
    {
      ""text"": ""no polarizing language selected"",
      ""category"": ""No Polarizing language"",
      ""subcategory"": ""no polarizing language"",
      ""paragraphIndex"": 1
    }
  ]
}","{
  ""title"": ""Ex-Posen mayor pleads guilty to embezzling village funds"",
  ""topic"": ""crime"",
  ""source"": ""Chicago Tribune"",
  ""rating"": ""center"",
  ""annotations"": [
    {
      ""category"": ""No Polarizing language"",
      ""subcategory"": ""no polarizing language"",
      ""text"": ""no polarizing language selected"",
      ""openFeedback"": ""The paragraph provides a factual report of court proceedings and the details of the guilty plea without using inflammatory or persuasive language."",
      ""paragraphIndex"": 0
    },
    {
      ""category"": ""No Polarizing language"",
      ""subcategory"": ""no polarizing language"",
      ""text"": ""no polarizing language selected"",
      ""openFeedback"": ""This paragraph quotes the defense attorney and outlines the timeline of the investigation neutrally."",
      ""paragraphIndex"": 1
    },
    {
      ""category"": ""No Polarizing language"",
      ""subcategory"": ""no polarizing language"",
      ""text"": ""no polarizing language selected"",
      ""openFeedback"": ""The paragraph provides historical context regarding a previous mayor's conviction in a factual manner."",
      ""paragraphIndex"": 2
    }
  ]
}","{
  ""annotations"": [
    {
      ""text"": ""no polarizing language selected"",
      ""category"": ""No Polarizing language"",
      ""subcategory"": ""no polarizing language"",
      ""paragraphIndex"": 0
    },
    {
      ""text"": ""no polarizing language selected"",
      ""category"": ""No Polarizing language"",
      ""subcategory"": ""no polarizing language"",
      ""paragraphIndex"": 1
    }
  ]
}","{""title"": ""Ex-Posen mayor pleads guilty to embezzling village funds"", ""topic"": ""crime"", ""source"": ""Chicago Tribune"", ""rating"": ""center"", ""annotations"": [{""category"": ""No Polarizing language"", ""subcategory"": ""no polarizing language"", ""text"": ""no polarizing language selected"", ""openFeedback"": ""Auto-filled: No Polarizing language / no polarizing language"", ""paragraphIndex"": 0}, {""category"": ""No Polarizing language"", ""subcategory"": ""no polarizing language"", ""text"": ""no polarizing language selected"", ""openFeedback"": ""Auto-filled: No Polarizing language / no polarizing language"", ""paragraphIndex"": 1}]}"
8,rosemount recreation center plan gets positive response so far,health,AP,center,"{
  ""annotations"": [
    {
      ""text"": ""no polarizing language selected"",
      ""category"": ""No Polarizing language"",
      ""subcategory"": ""no polarizing language"",
      ""paragraphIndex"": 0
    },
    {
      ""text"": ""no polarizing language selected"",
      ""category"": ""No Polarizing language"",
      ""subcategory"": ""no polarizing language"",
      ""paragraphIndex"": 1
    },
    {
      ""text"": ""no polarizing language selected"",
      ""category"": ""No Polarizing language"",
      ""subcategory"": ""no polarizing language"",
      ""paragraphIndex"": 2
    }
  ]
}","{
  ""title"": ""rosemount recreation center plan gets positive response so far"",
  ""topic"": ""health"",
  ""source"": ""AP"",
  ""rating"": ""center"",
  ""annotations"": [
    {
      ""category"": ""No Polarizing language"",
      ""subcategory"": ""no polarizing language"",
      ""text"": ""no polarizing language selected"",
      ""openFeedback"": ""This paragraph provides factual information about the city council's study, the consultant hired, and preliminary survey results regarding a new recreation center, without using inflammatory or persuasive language."",
      ""paragraphIndex"": 0
    },
    {
      ""category"": ""No Polarizing language"",
      ""subcategory"": ""no polarizing language"",
      ""text"": ""no polarizing language selected"",
      ""openFeedback"": ""This paragraph reports on demographic data (age, income, families) and outlines the tentative features of the proposed facility based on community needs, maintaining a neutral tone."",
      ""paragraphIndex"": 1
    },
    {
      ""category"": ""No Polarizing language"",
      ""subcategory"": ""no polarizing language"",
      ""text"": ""no polarizing language selected"",
      ""openFeedback"": ""This paragraph discusses future design considerations, funding decisions, and lists headlines of related articles. The language remains objective and informative."",
      ""paragraphIndex"": 2
    },
    {
      ""category"": ""No Polarizing language"",
      ""subcategory"": ""no polarizing language"",
      ""text"": ""no polarizing language selected"",
      ""openFeedback"": ""The final paragraph quotes a city official regarding the timeline and provides logistical details for public meetings and feedback, devoid of propaganda or inflammatory rhetoric."",
      ""paragraphIndex"": 3
    }
  ]
}","{
  ""annotations"": [
    {
      ""text"": ""no polarizing language selected"",
      ""category"": ""No Polarizing language"",
      ""subcategory"": ""no polarizing language"",
      ""paragraphIndex"": 0
    },
    {
      ""text"": ""no polarizing language selected"",
      ""category"": ""No Polarizing language"",
      ""subcategory"": ""no polarizing language"",
      ""paragraphIndex"": 1
    },
    {
      ""text"": ""no polarizing language selected"",
      ""category"": ""No Polarizing language"",
      ""subcategory"": ""no polarizing language"",
      ""paragraphIndex"": 2
    }
  ]
}","{""title"": ""rosemount recreation center plan gets positive response so far"", ""topic"": ""health"", ""source"": ""AP"", ""rating"": ""center"", ""annotations"": [{""category"": ""No Polarizing language"", ""subcategory"": ""no polarizing language"", ""text"": ""no polarizing language selected"", ""openFeedback"": ""Auto-filled: No Polarizing language / no polarizing language"", ""paragraphIndex"": 0}, {""category"": ""No Polarizing language"", ""subcategory"": ""no polarizing language"", ""text"": ""no polarizing language selected"", ""openFeedback"": ""Auto-filled: No Polarizing language / no polarizing language"", ""paragraphIndex"": 1}, {""category"": ""No Polarizing language"", ""subcategory"": ""no polarizing language"", ""text"": ""no polarizing language selected"", ""openFeedback"": ""Auto-filled: No Polarizing language / no polarizing language"", ""paragraphIndex"": 2}, {""category"": ""No Polarizing language"", ""subcategory"": ""no polarizing language"", ""text"": ""no polarizing language selected"", ""openFeedback"": ""The final paragraph quotes a city official regarding the timeline and provides logistical details for public meetings and feedback, devoid of propaganda or inflammatory rhetoric."", ""paragraphIndex"": 3}]}"
9,Ridgecrest earthquakes caused damage to the earth's crust seen from satellite,science,Los Angeles Times,left,"{
  ""annotations"": [
    {
      ""text"": ""no polarizing language selected"",
      ""category"": ""No Polarizing language"",
      ""subcategory"": ""no polarizing language"",
      ""paragraphIndex"": 0
    },
    {
      ""text"": ""no polarizing language selected"",
      ""category"": ""No Polarizing language"",
      ""subcategory"": ""no polarizing language"",
      ""paragraphIndex"": 1
    },
    {
      ""text"": ""no polarizing language selected"",
      ""category"": ""No Polarizing language"",
      ""subcategory"": ""no polarizing language"",
      ""paragraphIndex"": 2
    }
  ]
}","{
  ""title"": ""Ridgecrest earthquakes caused damage to the earth's crust seen from satellite"",
  ""topic"": ""science"",
  ""source"": ""Los Angeles Times"",
  ""rating"": ""left"",
  ""annotations"": [
    {
      ""category"": ""No Polarizing language"",
      ""subcategory"": ""no polarizing language"",
      ""text"": ""no polarizing language selected"",
      ""openFeedback"": ""The paragraph provides a factual report on the visibility of earthquake damage via satellite imagery and the scope of the event."",
      ""paragraphIndex"": 0
    },
    {
      ""category"": ""No Polarizing language"",
      ""subcategory"": ""no polarizing language"",
      ""text"": ""no polarizing language selected"",
      ""openFeedback"": ""The paragraph describes technical details of the satellite imagery and quotes an expert on the utility of the data, without using inflammatory or persuasive language."",
      ""paragraphIndex"": 1
    },
    {
      ""category"": ""No Polarizing language"",
      ""subcategory"": ""no polarizing language"",
      ""text"": ""no polarizing language selected"",
      ""openFeedback"": ""The paragraph lists the source of the data and future NASA plans factually."",
      ""paragraphIndex"": 2
    }
  ]
}","{
  ""annotations"": [
    {
      ""text"": ""no polarizing language selected"",
      ""category"": ""No Polarizing language"",
      ""subcategory"": ""no polarizing language"",
      ""paragraphIndex"": 0
    },
    {
      ""text"": ""no polarizing language selected"",
      ""category"": ""No Polarizing language"",
      ""subcategory"": ""no polarizing language"",
      ""paragraphIndex"": 1
    },
    {
      ""text"": ""no polarizing language selected"",
      ""category"": ""No Polarizing language"",
      ""subcategory"": ""no polarizing language"",
      ""paragraphIndex"": 2
    }
  ]
}","{""title"": ""Ridgecrest earthquakes caused damage to the earth's crust seen from satellite"", ""topic"": ""science"", ""source"": ""Los Angeles Times"", ""rating"": ""left"", ""annotations"": [{""category"": ""No Polarizing language"", ""subcategory"": ""no polarizing language"", ""text"": ""no polarizing language selected"", ""openFeedback"": ""Auto-filled: No Polarizing language / no polarizing language"", ""paragraphIndex"": 0}, {""category"": ""No Polarizing language"", ""subcategory"": ""no polarizing language"", ""text"": ""no polarizing language selected"", ""openFeedback"": ""Auto-filled: No Polarizing language / no polarizing language"", ""paragraphIndex"": 1}, {""category"": ""No Polarizing language"", ""subcategory"": ""no polarizing language"", ""text"": ""no polarizing language selected"", ""openFeedback"": ""Auto-filled: No Polarizing language / no polarizing language"", ""paragraphIndex"": 2}]}"
10,Protest in Madrid as conservatives suspend ban on most polluting cars,environmental issues,Reuters,center,"{
  ""annotations"": [
    {
      ""text"": ""raising fears that environmental rollbacks seen in the United States may be spreading to Europe"",
      ""category"": ""Persuasive Propaganda"",
      ""subcategory"": ""Exaggeration"",
      ""paragraphIndex"": 0
    },
    {
      ""text"": ""no polarizing language selected"",
      ""category"": ""No Polarizing language"",
      ""subcategory"": ""no polarizing language"",
      ""paragraphIndex"": 1
    },
    {
      ""text"": ""no polarizing language selected"",
      ""category"": ""No Polarizing language"",
      ""subcategory"": ""no polarizing language"",
      ""paragraphIndex"": 2
    },
    {
      ""text"": ""no polarizing language selected"",
      ""category"": ""No Polarizing language"",
      ""subcategory"": ""no polarizing language"",
      ""paragraphIndex"": 3
    }
  ]
}","{
  ""title"": ""Protest in Madrid as conservatives suspend ban on most polluting cars"",
  ""topic"": ""environmental issues"",
  ""source"": ""Reuters"",
  ""rating"": ""center"",
  ""annotations"": [
    {
      ""category"": ""Persuasive Propaganda"",
      ""subcategory"": ""slogans"",
      ""text"": ""Yes we can, I do want Madrid central"",
      ""openFeedback"": ""The text quotes a chant used by protesters, which utilizes a well-known political slogan."",
      ""paragraphIndex"": 0
    },
    {
      ""category"": ""Persuasive Propaganda"",
      ""subcategory"": ""slogans"",
      ""text"": ""I want to breathe free"",
      ""openFeedback"": ""The text quotes a slogan displayed on banners by the protesters."",
      ""paragraphIndex"": 0
    },
    {
      ""category"": ""No Polarizing language"",
      ""subcategory"": ""no polarizing language"",
      ""text"": ""no polarizing language selected"",
      ""openFeedback"": ""The paragraph contains quotes and factual reporting on the protest and environmental context without explicit inflammatory language or propaganda by the author."",
      ""paragraphIndex"": 1
    },
    {
      ""category"": ""No Polarizing language"",
      ""subcategory"": ""no polarizing language"",
      ""text"": ""no polarizing language selected"",
      ""openFeedback"": ""The paragraph reports on the administrative decisions and potential EU sanctions neutrally."",
      ""paragraphIndex"": 2
    }
  ]
}","{
  ""annotations"": [
    {
      ""text"": ""no polarizing language selected"",
      ""category"": ""No Polarizing language"",
      ""subcategory"": ""no polarizing language"",
      ""paragraphIndex"": 0
    },
    {
      ""text"": ""no polarizing language selected"",
      ""category"": ""No Polarizing language"",
      ""subcategory"": ""no polarizing language"",
      ""paragraphIndex"": 1
    },
    {
      ""text"": ""I want to breathe free"",
      ""category"": ""Persuasive Propaganda"",
      ""subcategory"": ""Slogans"",
      ""paragraphIndex"": 2
    },
    {
      ""text"": ""We aspire to have a Madrid without smoke"",
      ""category"": ""Persuasive Propaganda"",
      ""subcategory"": ""Slogans"",
      ""paragraphIndex"": 2
    },
    {
      ""text"": ""We have to save (the planet) starting at the local and small level"",
      ""category"": ""Persuasive Propaganda"",
      ""subcategory"": ""Exaggeration"",
      ""paragraphIndex"": 3
    },
    {
      ""text"": ""save (the planet) starting at the local and small level, the first thing is Madrid's center"",
      ""category"": ""Persuasive Propaganda"",
      ""subcategory"": ""Causal Oversimplification"",
      ""paragraphIndex"": 3
    },
    {
      ""text"": ""no polarizing language selected"",
      ""category"": ""No Polarizing language"",
      ""subcategory"": ""no polarizing language"",
      ""paragraphIndex"": 4
    },
    {
      ""text"": ""no polarizing language selected"",
      ""category"": ""No Polarizing language"",
      ""subcategory"": ""no polarizing language"",
      ""paragraphIndex"": 5
    }
  ]
}","{""title"": ""Protest in Madrid as conservatives suspend ban on most polluting cars"", ""topic"": ""environmental issues"", ""source"": ""Reuters"", ""rating"": ""center"", ""annotations"": [{""category"": ""Persuasive Propaganda"", ""subcategory"": ""slogans"", ""text"": ""I want to breathe free"", ""openFeedback"": ""The text quotes a slogan displayed on banners by the protesters."", ""paragraphIndex"": 0}, {""category"": ""No Polarizing language"", ""subcategory"": ""no polarizing language"", ""text"": ""no polarizing language selected"", ""openFeedback"": ""The paragraph contains quotes and factual reporting on the protest and environmental context without explicit inflammatory language or propaganda by the author."", ""paragraphIndex"": 1}, {""category"": ""No Polarizing language"", ""subcategory"": ""no polarizing language"", ""text"": ""no polarizing language selected"", ""openFeedback"": ""The paragraph reports on the administrative decisions and potential EU sanctions neutrally."", ""paragraphIndex"": 2}]}"
11,Missouri's only abortion clinic to remain open after judge's injunction holds,legal arguments,NBC News,left,"{
  ""annotations"": [
    {
      ""text"": ""no polarizing language selected"",
      ""category"": ""No Polarizing language"",
      ""subcategory"": ""no polarizing language"",
      ""paragraphIndex"": 0
    },
    {
      ""text"": ""medically unnecessary hoops and regulations"",
      ""category"": ""Persuasive Propaganda"",
      ""subcategory"": ""Exaggeration"",
      ""paragraphIndex"": 1
    },
    {
      ""text"": ""patient safety was gravely compromised"",
      ""category"": ""Persuasive Propaganda"",
      ""subcategory"": ""Exaggeration"",
      ""paragraphIndex"": 1
    },
    {
      ""text"": ""failed surgical abortions in which women remained pregnant"",
      ""category"": ""Persuasive Propaganda"",
      ""subcategory"": ""Exaggeration"",
      ""paragraphIndex"": 1
    },
    {
      ""text"": ""part of a greater anti-abortion effort by the state's administration"",
      ""category"": ""Persuasive Propaganda"",
      ""subcategory"": ""Causal Oversimplification"",
      ""paragraphIndex"": 2
    },
    {
      ""text"": ""another medically unnecessary requirement that the state was putting on it to whittle down Missouri residents' access to abortion"",
      ""category"": ""Persuasive Propaganda"",
      ""subcategory"": ""Causal Oversimplification"",
      ""paragraphIndex"": 2
    },
    {
      ""text"": ""stringent and perpetually evolving requirements"",
      ""category"": ""Persuasive Propaganda"",
      ""subcategory"": ""Exaggeration"",
      ""paragraphIndex"": 3
    },
    {
      ""text"": ""a slew of recent anti-abortion legislation across the country"",
      ""category"": ""Persuasive Propaganda"",
      ""subcategory"": ""Exaggeration"",
      ""paragraphIndex"": 3
    },
    {
      ""text"": ""no polarizing language selected"",
      ""category"": ""No Polarizing language"",
      ""subcategory"": ""no polarizing language"",
      ""paragraphIndex"": 4
    }
  ]
}","{
  ""title"": ""Missouri's only abortion clinic to remain open after judge's injunction holds"",
  ""topic"": ""legal arguments"",
  ""source"": ""NBC News"",
  ""rating"": ""left"",
  ""annotations"": [
    {
      ""category"": ""No Polarizing language"",
      ""subcategory"": ""no polarizing language"",
      ""text"": ""no polarizing language selected"",
      ""openFeedback"": ""The paragraph reports on legal proceedings and quotes an advocate expressing relief ('victory for women'), but the reporting itself is descriptive and the quotes do not reach the threshold of explicit inflammatory language or propaganda."",
      ""paragraphIndex"": 0
    },
    {
      ""category"": ""No Polarizing language"",
      ""subcategory"": ""no polarizing language"",
      ""text"": ""no polarizing language selected"",
      ""openFeedback"": ""The paragraph contains strong language within quotes ('medically unnecessary hoops', 'gravely compromised'), but these are clearly attributed to the respective partisan sources (Planned Parenthood and the State Health Department). The journalist's voice remains neutral."",
      ""paragraphIndex"": 1
    },
    {
      ""category"": ""No Polarizing language"",
      ""subcategory"": ""no polarizing language"",
      ""text"": ""no polarizing language selected"",
      ""openFeedback"": ""The paragraph outlines the legal context and summarizes arguments from both sides using standard attribution ('Planned Parenthood has argued', 'The clinic also says'). No polarizing language is used by the author."",
      ""paragraphIndex"": 2
    },
    {
      ""category"": ""No Polarizing language"",
      ""subcategory"": ""no polarizing language"",
      ""text"": ""no polarizing language selected"",
      ""openFeedback"": ""The paragraph provides context on clinic closures and national trends. While the phrase 'stringent and perpetually evolving requirements' is a strong characterization of the regulations, it functions as descriptive analysis of the legislative landscape rather than explicit propaganda."",
      ""paragraphIndex"": 3
    },
    {
      ""category"": ""No Polarizing language"",
      ""subcategory"": ""no polarizing language"",
      ""text"": ""no polarizing language selected"",
      ""openFeedback"": ""This segment completes the previous sentence and lists the reporters. It is purely factual."",
      ""paragraphIndex"": 4
    }
  ]
}","{
  ""annotations"": [
    {
      ""text"": ""no polarizing language selected"",
      ""category"": ""No Polarizing language"",
      ""subcategory"": ""no polarizing language"",
      ""paragraphIndex"": 0
    },
    {
      ""text"": ""medically unnecessary hoops and regulations"",
      ""category"": ""Persuasive Propaganda"",
      ""subcategory"": ""Exaggeration"",
      ""paragraphIndex"": 1
    },
    {
      ""text"": ""patient safety was gravely compromised"",
      ""category"": ""Persuasive Propaganda"",
      ""subcategory"": ""Exaggeration"",
      ""paragraphIndex"": 1
    },
    {
      ""text"": ""failed surgical abortions in which women remained pregnant"",
      ""category"": ""Persuasive Propaganda"",
      ""subcategory"": ""Exaggeration"",
      ""paragraphIndex"": 1
    },
    {
      ""text"": ""very, very difficult to access abortion in Missouri"",
      ""category"": ""Persuasive Propaganda"",
      ""subcategory"": ""Exaggeration"",
      ""paragraphIndex"": 1
    },
    {
      ""text"": ""no polarizing language selected"",
      ""category"": ""No Polarizing language"",
      ""subcategory"": ""no polarizing language"",
      ""paragraphIndex"": 2
    },
    {
      ""text"": ""another medically unnecessary requirement that the state was putting on it to whittle down Missouri residents' access to abortion"",
      ""category"": ""Persuasive Propaganda"",
      ""subcategory"": ""Causal Oversimplification"",
      ""paragraphIndex"": 2
    },
    {
      ""text"": ""stringent and perpetually evolving requirements"",
      ""category"": ""Persuasive Propaganda"",
      ""subcategory"": ""Exaggeration"",
      ""paragraphIndex"": 3
    },
    {
      ""text"": ""slew of recent anti-abortion legislation across the country"",
      ""category"": ""Persuasive Propaganda"",
      ""subcategory"": ""Exaggeration"",
      ""paragraphIndex"": 3
    },
    {
      ""text"": ""near-total ban on abortions in Alabama"",
      ""category"": ""Persuasive Propaganda"",
      ""subcategory"": ""Exaggeration"",
      ""paragraphIndex"": 3
    },
    {
      ""text"": ""no polarizing language selected"",
      ""category"": ""No Polarizing language"",
      ""subcategory"": ""no polarizing language"",
      ""paragraphIndex"": 4
    }
  ]
}","{""title"": ""Missouri's only abortion clinic to remain open after judge's injunction holds"", ""topic"": ""legal arguments"", ""source"": ""NBC News"", ""rating"": ""left"", ""annotations"": [{""category"": ""No Polarizing language"", ""subcategory"": ""no polarizing language"", ""text"": ""no polarizing language selected"", ""openFeedback"": ""The paragraph reports on legal proceedings and quotes an advocate expressing relief ('victory for women'), but the reporting itself is descriptive and the quotes do not reach the threshold of explicit inflammatory language or propaganda."", ""paragraphIndex"": 0}, {""category"": ""No Polarizing language"", ""subcategory"": ""no polarizing language"", ""text"": ""no polarizing language selected"", ""openFeedback"": ""The paragraph contains strong language within quotes ('medically unnecessary hoops', 'gravely compromised'), but these are clearly attributed to the respective partisan sources (Planned Parenthood and the State Health Department). The journalist's voice remains neutral."", ""paragraphIndex"": 1}, {""category"": ""No Polarizing language"", ""subcategory"": ""no polarizing language"", ""text"": ""no polarizing language selected"", ""openFeedback"": ""The paragraph outlines the legal context and summarizes arguments from both sides using standard attribution ('Planned Parenthood has argued', 'The clinic also says'). No polarizing language is used by the author."", ""paragraphIndex"": 2}, {""category"": ""No Polarizing language"", ""subcategory"": ""no polarizing language"", ""text"": ""no polarizing language selected"", ""openFeedback"": ""The paragraph provides context on clinic closures and national trends. While the phrase 'stringent and perpetually evolving requirements' is a strong characterization of the regulations, it functions as descriptive analysis of the legislative landscape rather than explicit propaganda."", ""paragraphIndex"": 3}, {""category"": ""No Polarizing language"", ""subcategory"": ""no polarizing language"", ""text"": ""no polarizing language selected"", ""openFeedback"": ""This segment completes the previous sentence and lists the reporters. It is purely factual."", ""paragraphIndex"": 4}]}"
